-- MySQL dump 10.13  Distrib 5.7.42, for Linux (x86_64)
--
-- Host: localhost    Database: catalog
-- ------------------------------------------------------
-- Server version	5.7.42-0ubuntu0.18.04.1

/*!40101 SET @OLD_CHARACTER_SET_CLIENT=@@CHARACTER_SET_CLIENT */;
/*!40101 SET @OLD_CHARACTER_SET_RESULTS=@@CHARACTER_SET_RESULTS */;
/*!40101 SET @OLD_COLLATION_CONNECTION=@@COLLATION_CONNECTION */;
/*!40101 SET NAMES utf8 */;
/*!40103 SET @OLD_TIME_ZONE=@@TIME_ZONE */;
/*!40103 SET TIME_ZONE='+00:00' */;
/*!40014 SET @OLD_UNIQUE_CHECKS=@@UNIQUE_CHECKS, UNIQUE_CHECKS=0 */;
/*!40014 SET @OLD_FOREIGN_KEY_CHECKS=@@FOREIGN_KEY_CHECKS, FOREIGN_KEY_CHECKS=0 */;
/*!40101 SET @OLD_SQL_MODE=@@SQL_MODE, SQL_MODE='NO_AUTO_VALUE_ON_ZERO' */;
/*!40111 SET @OLD_SQL_NOTES=@@SQL_NOTES, SQL_NOTES=0 */;

--
-- Table structure for table `bayar`
--

DROP TABLE IF EXISTS `bayar`;
/*!40101 SET @saved_cs_client     = @@character_set_client */;
/*!40101 SET character_set_client = utf8 */;
CREATE TABLE `bayar` (
  `id` int(11) NOT NULL AUTO_INCREMENT,
  `pesanan_id` int(11) NOT NULL,
  `jalur` varchar(255) NOT NULL,
  `nominal_bayar` varchar(255) NOT NULL,
  `caraBawa` varchar(255) NOT NULL,
  `created_at` datetime NOT NULL,
  `is_verifikasi` int(11) NOT NULL DEFAULT '0',
  `tanggal_bawa` date DEFAULT NULL,
  PRIMARY KEY (`id`)
) ENGINE=InnoDB AUTO_INCREMENT=203 DEFAULT CHARSET=latin1;
/*!40101 SET character_set_client = @saved_cs_client */;

--
-- Dumping data for table `bayar`
--

LOCK TABLES `bayar` WRITE;
/*!40000 ALTER TABLE `bayar` DISABLE KEYS */;
INSERT INTO `bayar` VALUES (1,1,'Cash','1044000','dibawa','2024-03-02 00:00:00',0,NULL),(2,2,'BRI','100000','dibawa','2024-03-07 00:00:00',0,NULL),(3,2,'BRI','2018000','dibawa','2024-03-07 00:00:00',0,NULL),(6,3,'BRI','2100000','besok','2024-02-21 00:00:00',0,'2024-02-21'),(7,3,'BRI','1164000','besok','2024-02-21 00:00:00',0,NULL),(8,4,'BCA','465000','dibawa','2024-02-22 00:00:00',0,NULL),(9,5,'Cash','82500','dibawa','2024-02-22 00:00:00',0,NULL),(10,6,'BSI','2040000','dibawa','2024-02-27 00:00:00',0,NULL),(11,7,'BNI','100000','besok','2024-03-26 00:00:00',0,'2024-03-29'),(12,8,'BRI','100000','dibawa','2024-03-08 00:00:00',0,NULL),(13,8,'BRI','2300000','dibawa','2024-03-08 00:00:00',0,NULL),(14,8,'BRI','94000','dibawa','2024-03-08 00:00:00',0,NULL),(15,9,'BRI','3175000','besok','2024-03-08 00:00:00',0,'2024-03-08'),(16,10,'BRI','688000','dibawa','2024-03-11 00:00:00',0,NULL),(17,11,'BCA','997000','dibawa','2024-03-13 00:00:00',0,NULL),(18,12,'Cash','194400','dibawa','2024-03-13 00:00:00',0,NULL),(19,13,'Cash','680000','dibawa','2024-03-14 00:00:00',0,NULL),(20,14,'MANDIRI','1101750','dibawa','2024-03-14 00:00:00',0,NULL),(21,15,'Cash','160000','dibawa','2024-03-15 00:00:00',0,NULL),(22,16,'Cash','17900','dibawa','2024-03-15 00:00:00',0,NULL),(23,17,'BCA','427000','dibawa','2024-03-15 00:00:00',0,NULL),(24,18,'BRI','654000','dibawa','2024-03-15 00:00:00',0,NULL),(25,19,'Cash','1725000','dibawa','2024-03-16 00:00:00',0,NULL),(26,20,'Cash','120000','dibawa','2024-03-16 00:00:00',0,NULL),(27,21,'Cash','286000','dibawa','2024-03-17 00:00:00',0,NULL),(28,22,'Cash','3825000','dibawa','2024-03-19 00:00:00',0,NULL),(29,23,'BRI','850000','dibawa','2024-03-19 00:00:00',0,NULL),(30,24,'Cash','1708000','dibawa','2024-03-20 00:00:00',0,NULL),(31,25,'Cash','370000','dibawa','2024-03-20 00:00:00',0,NULL),(32,26,'BRI','270000','dibawa','2024-03-20 00:00:00',0,NULL),(33,27,'BCA','18800000','dibawa','2024-03-20 00:00:00',0,NULL),(34,29,'Cash','500000','dibawa','2024-03-22 00:00:00',0,NULL),(35,29,'Lainnya','1966000','dibawa','2024-03-22 00:00:00',0,NULL),(37,41,'BRI','270000','dibawa','2024-03-25 00:00:00',0,NULL),(46,42,'Cash','500','dibawa','2024-03-30 00:00:00',0,NULL),(47,42,'Cash','1000','dibawa','2024-03-30 00:00:00',0,NULL),(48,43,'MANDIRI','1020000','dibawa','2024-03-21 00:00:00',0,NULL),(49,44,'Cash','2040000','dibawa','2024-03-21 00:00:00',0,NULL),(50,45,'Cash','530000','dibawa','2024-03-29 00:00:00',0,NULL),(51,46,'BRI','369500','dibawa','2024-03-29 00:00:00',0,NULL),(52,47,'Cash','200000','dibawa','2024-03-30 00:00:00',0,NULL),(53,48,'Cash','14000','dibawa','2024-03-30 00:00:00',0,NULL),(54,49,'Cash','600000','dibawa','2024-04-01 00:00:00',0,NULL),(55,50,'BCA','1303200','dibawa','2024-04-02 00:00:00',0,NULL),(56,51,'BCA','224400','dibawa','2024-04-02 00:00:00',0,NULL),(57,52,'Cash','1035000','dibawa','2024-04-05 00:00:00',0,NULL),(58,53,'Cash','28000','dibawa','2024-04-03 00:00:00',0,NULL),(59,54,'BCA','100000','dibawa','2024-04-04 00:00:00',0,NULL),(60,54,'Cash','96000','dibawa','2024-04-05 00:00:00',0,NULL),(61,55,'Cash','60000','dibawa','2024-04-08 00:00:00',0,NULL),(62,56,'Cash','130000','dibawa','2024-04-08 00:00:00',0,NULL),(63,57,'Cash','86600','dibawa','2024-04-08 00:00:00',0,NULL),(64,58,'Cash','140000','dibawa','2024-04-08 00:00:00',0,NULL),(65,59,'Cash','34400','dibawa','2024-04-19 00:00:00',0,NULL),(66,60,'Cash','83000','dibawa','2024-04-20 00:00:00',0,NULL),(67,63,'Cash','130000','dibawa','2024-04-28 00:00:00',0,NULL),(68,64,'Cash','1610000','dibawa','2024-04-28 00:00:00',0,NULL),(69,65,'Cash','86600','dibawa','2024-04-28 00:00:00',0,NULL),(70,66,'Cash','34400','dibawa','2024-04-29 00:00:00',0,NULL),(71,69,'Cash','18000','dibawa','2024-04-29 00:00:00',0,NULL),(72,70,'Cash','12800','dibawa','2024-04-29 00:00:00',0,NULL),(73,71,'Cash','839000','dibawa','2024-04-29 00:00:00',0,NULL),(74,72,'Cash','169000','dibawa','2024-04-29 00:00:00',0,NULL),(75,73,'Cash','845000','dibawa','2024-04-29 00:00:00',0,NULL),(77,80,'Cash','1423050','dibawa','2024-04-29 00:00:00',0,NULL),(78,81,'Cash','425000','dibawa','2024-04-29 00:00:00',0,NULL),(79,89,'Cash','7862250','dibawa','2024-04-30 00:00:00',0,NULL),(80,91,'Cash','839000','dibawa','2024-04-30 00:00:00',0,NULL),(81,92,'Cash','829000','dibawa','2024-04-30 00:00:00',0,NULL),(82,93,'Cash','169008','dibawa','2024-04-30 00:00:00',0,NULL),(83,94,'Cash','850000','dibawa','2024-04-30 00:00:00',0,NULL),(84,95,'Cash','839000','dibawa','2024-04-30 00:00:00',0,NULL),(85,96,'Cash','105500','dibawa','2024-05-01 00:00:00',0,NULL),(86,97,'Cash','751996','dibawa','2024-05-01 00:00:00',0,NULL),(87,98,'Cash','839000','dibawa','2024-05-01 00:00:00',0,NULL),(88,99,'Cash','12800','dibawa','2024-05-01 00:00:00',0,NULL),(89,100,'Cash','2914000','dibawa','2024-05-01 00:00:00',0,NULL),(90,101,'Cash','25500','dibawa','2024-05-01 00:00:00',0,NULL),(91,102,'Cash','41000','dibawa','2024-05-01 00:00:00',0,NULL),(98,103,'Cash','128000','dibawa','2024-05-02 00:00:00',1,NULL),(100,104,'Cash','60000','dibawa','2024-05-02 00:00:00',1,NULL),(101,105,'Cash','1382040','dibawa','2024-05-03 00:00:00',1,NULL),(102,106,'Cash','3042144','dibawa','2024-05-03 00:00:00',1,NULL),(103,107,'Cash','169008','dibawa','2024-05-03 00:00:00',1,NULL),(104,108,'Cash','855000','dibawa','2024-05-06 00:00:00',1,NULL),(105,109,'Cash','59000','dibawa','2024-05-06 00:00:00',1,NULL),(106,110,'Cash','839000','dibawa','2024-05-07 00:00:00',1,NULL),(107,111,'Cash','839000','dibawa','2024-05-07 00:00:00',1,NULL),(108,112,'Cash','9000','dibawa','2024-05-07 00:00:00',1,NULL),(109,113,'Cash','14800','dibawa','2024-05-07 00:00:00',1,NULL),(110,115,'Cash','403992','dibawa','2024-05-07 00:00:00',1,NULL),(111,118,'Cash','24000','dibawa','2024-05-07 00:00:00',0,NULL),(112,119,'Cash','5000','dibawa','2024-05-07 00:00:00',1,NULL),(113,119,'Cash','700000','dibawa','2024-05-10 00:00:00',1,NULL),(114,120,'Cash','49000','dibawa','2024-05-10 00:00:00',1,NULL),(115,121,'Cash','67500','dibawa','2024-05-10 00:00:00',1,NULL),(116,123,'Cash','36900','dibawa','2024-05-10 00:00:00',1,NULL),(117,124,'Cash','69000','dibawa','2024-05-10 00:00:00',1,NULL),(118,125,'Cash','35000','dibawa','2024-05-10 00:00:00',1,NULL),(119,126,'Cash','24250','dibawa','2024-05-10 00:00:00',1,NULL),(120,127,'Cash','125000','dibawa','2024-05-10 00:00:00',1,NULL),(121,128,'Cash','14000','dibawa','2024-05-10 00:00:00',1,NULL),(122,129,'Cash','26000','dibawa','2024-05-10 00:00:00',1,NULL),(123,130,'Cash','204000','dibawa','2024-05-10 00:00:00',1,NULL),(124,131,'Cash','289000','dibawa','2024-05-10 00:00:00',1,NULL),(125,132,'Cash','104666','dibawa','2024-05-10 00:00:00',1,NULL),(126,133,'Cash','84250','dibawa','2024-05-10 00:00:00',1,NULL),(127,134,'Cash','850000','dibawa','2024-05-10 00:00:00',1,NULL),(128,135,'Cash','35000','dibawa','2024-05-10 00:00:00',1,NULL),(129,136,'Cash','204000','dibawa','2024-05-10 00:00:00',1,NULL),(130,137,'Cash','60800','dibawa','2024-05-10 00:00:00',1,NULL),(131,138,'Cash','15300','dibawa','2024-05-10 00:00:00',1,NULL),(132,139,'Cash','25000','dibawa','2024-05-10 00:00:00',1,NULL),(133,140,'Cash','150000','dibawa','2024-05-10 00:00:00',1,NULL),(134,150,'Cash','829000','dibawa','2024-05-13 00:00:00',1,NULL),(135,151,'Cash','211600','dibawa','2024-05-13 00:00:00',1,NULL),(136,152,'Cash','188000','dibawa','2024-05-13 00:00:00',1,NULL),(137,153,'Cash','839000','dibawa','2024-05-13 00:00:00',1,NULL),(138,154,'Cash','408016','dibawa','2024-05-13 00:00:00',1,NULL),(139,155,'Cash','899516','dibawa','2024-05-13 00:00:00',1,NULL),(140,156,'Cash','1250000','dibawa','2024-05-13 00:00:00',1,NULL),(141,157,'Cash','5800','dibawa','2024-05-13 00:00:00',1,NULL),(142,158,'Cash','208008','dibawa','2024-05-13 00:00:00',1,NULL),(143,159,'Cash','108000','dibawa','2024-05-13 00:00:00',1,NULL),(144,160,'Cash','839000','dibawa','2024-05-14 00:00:00',1,NULL),(145,161,'Cash','278000','dibawa','2024-05-14 00:00:00',1,NULL),(146,162,'Cash','1734000','dibawa','2024-05-14 00:00:00',1,NULL),(147,163,'Cash','87000','dibawa','2024-05-14 00:00:00',1,NULL),(148,164,'Cash','204000','dibawa','2024-05-14 00:00:00',1,NULL),(149,165,'Cash','231600','dibawa','2024-05-14 00:00:00',1,NULL),(150,166,'Cash','421920','dibawa','2024-05-14 00:00:00',1,NULL),(151,167,'Cash','168000','dibawa','2024-05-14 00:00:00',1,NULL),(152,168,'Cash','168000','dibawa','2024-05-14 00:00:00',1,NULL),(153,169,'Cash','65000','dibawa','2024-05-15 00:00:00',1,NULL),(154,170,'Cash','1112000','dibawa','2024-05-15 00:00:00',1,NULL),(155,171,'Cash','15000','dibawa','2024-05-15 00:00:00',1,NULL),(156,172,'Cash','829000','dibawa','2024-05-15 00:00:00',1,NULL),(157,173,'Cash','30000','dibawa','2024-05-15 00:00:00',1,NULL),(158,174,'Cash','68000','dibawa','2024-05-15 00:00:00',1,NULL),(159,175,'Cash','25000','dibawa','2024-05-15 00:00:00',1,NULL),(160,176,'Cash','168000','dibawa','2024-05-17 00:00:00',1,NULL),(161,177,'Cash','20900','dibawa','2024-05-17 00:00:00',1,NULL),(162,178,'Cash','177600','dibawa','2024-05-17 00:00:00',1,NULL),(163,179,'Cash','52500','dibawa','2024-05-17 00:00:00',1,NULL),(164,180,'Cash','572500','dibawa','2024-05-17 00:00:00',1,NULL),(165,181,'Cash','225400','dibawa','2024-05-17 00:00:00',1,NULL),(166,182,'Cash','414000','dibawa','2024-05-17 00:00:00',1,NULL),(167,183,'Cash','839000','dibawa','2024-05-17 00:00:00',1,NULL),(168,184,'Cash','20000','dibawa','2024-05-17 00:00:00',1,NULL),(169,185,'Cash','264600','dibawa','2024-05-17 00:00:00',1,NULL),(170,186,'Cash','25000','dibawa','2024-05-18 00:00:00',1,NULL),(171,187,'Cash','25000','dibawa','2024-05-18 00:00:00',1,NULL),(172,188,'Cash','350016','dibawa','2024-05-18 00:00:00',1,NULL),(173,189,'Cash','1644000','dibawa','2024-05-18 00:00:00',1,NULL),(174,190,'Cash','27000','dibawa','2024-05-18 00:00:00',1,NULL),(175,191,'Cash','387000','dibawa','2024-05-18 00:00:00',1,NULL),(176,192,'Cash','419000','dibawa','2024-05-18 00:00:00',1,NULL),(177,193,'Cash','839000','dibawa','2024-05-21 00:00:00',1,NULL),(178,194,'Cash','37500','dibawa','2024-05-21 00:00:00',1,NULL),(179,195,'Cash','98000','dibawa','2024-05-21 00:00:00',1,NULL),(180,196,'Cash','350016','dibawa','2024-05-21 00:00:00',1,NULL),(181,197,'Cash','25000','dibawa','2024-05-21 00:00:00',1,NULL),(182,198,'Cash','111000','dibawa','2024-05-21 00:00:00',1,NULL),(183,199,'Cash','350016','dibawa','2024-05-24 00:00:00',1,NULL),(184,201,'Cash','829000','dibawa','2024-05-24 00:00:00',1,NULL),(185,202,'Cash','488992','dibawa','2024-05-24 00:00:00',1,NULL),(186,203,'Cash','319000','dibawa','2024-05-24 00:00:00',1,NULL),(187,204,'Cash','1377792','dibawa','2024-05-24 00:00:00',1,NULL),(188,205,'Cash','1217976','dibawa','2024-05-24 00:00:00',1,NULL),(189,206,'Cash','850000','dibawa','2024-05-24 00:00:00',1,NULL),(190,207,'Cash','321960','dibawa','2024-05-24 00:00:00',1,NULL),(191,208,'Cash','45000','dibawa','2024-05-24 00:00:00',1,NULL),(192,209,'Cash','50000','dibawa','2024-05-24 00:00:00',1,NULL),(193,210,'Cash','15000','dibawa','2024-05-24 00:00:00',1,NULL),(194,211,'Cash','2054040','dibawa','2024-05-27 00:00:00',1,NULL),(195,212,'Cash','37500','dibawa','2024-05-27 00:00:00',1,NULL),(196,213,'Cash','359800','dibawa','2024-05-27 00:00:00',1,NULL),(197,214,'Cash','719600','dibawa','2024-05-27 00:00:00',1,NULL),(198,215,'Cash','53500','dibawa','2024-05-27 00:00:00',1,NULL),(199,216,'Cash','58000','dibawa','2024-05-29 00:00:00',1,NULL),(200,217,'Cash','359016','dibawa','2024-05-29 00:00:00',1,NULL),(201,218,'Cash','207000','dibawa','2024-05-29 00:00:00',1,NULL),(202,219,'Cash','244008','dibawa','2024-05-29 00:00:00',1,NULL);
/*!40000 ALTER TABLE `bayar` ENABLE KEYS */;
UNLOCK TABLES;

--
-- Table structure for table `customer`
--

DROP TABLE IF EXISTS `customer`;
/*!40101 SET @saved_cs_client     = @@character_set_client */;
/*!40101 SET character_set_client = utf8 */;
CREATE TABLE `customer` (
  `id` int(11) NOT NULL AUTO_INCREMENT,
  `nama` varchar(500) NOT NULL,
  `alamat` varchar(255) NOT NULL,
  `wa` varchar(255) NOT NULL,
  PRIMARY KEY (`id`)
) ENGINE=InnoDB AUTO_INCREMENT=119 DEFAULT CHARSET=latin1;
/*!40101 SET character_set_client = @saved_cs_client */;

--
-- Dumping data for table `customer`
--

LOCK TABLES `customer` WRITE;
/*!40000 ALTER TABLE `customer` DISABLE KEYS */;
INSERT INTO `customer` VALUES (1,'aldo','indonesia','0895377291849'),(2,'GTR','korea','0895377291849'),(3,'Mbak Tian','',''),(4,'Mbak Alvi','','085702056152'),(5,'Mbak Ninik','','082325559773'),(7,'Mbk Alvi/saebani','','085702056152'),(8,'Mbk Kinasih','','087838390580'),(9,'Mbk Heni','','085729976866'),(10,'Danicraft','',''),(11,'Luxury Hotel','','085729313128'),(12,'Pempek Safitri','','087735502152'),(15,'alfian afnan','','0882005866090'),(16,'ibu tutik','',''),(17,'bapak heru','',''),(18,'Toko Sj','','082137522252'),(29,'nyoba','aa','aaaaa'),(30,'Datang langsung','',''),(31,'Mbak Tyas','',''),(32,'Narmi Mawar Harianto','','085252869564'),(33,'Marwanti','','081325533015'),(34,'Mbak Kinasih','','087838390580'),(35,'Mbak Heni','','085729976866'),(36,'ibu mas Jibril','',''),(37,'Wanda','','088232739899'),(38,'Novitasari','','087845646632'),(39,'Bu Murti','',''),(40,'Rahma FC ','Giwangan','082133182070'),(41,'UII Vira Megasari','','088243361808'),(42,'Rizky D Ningrum','','085729616560'),(43,'Bapak Adhi','','081285122489'),(44,'Fahmi zaki','','08995451229'),(45,'Bayat','','085700343432'),(46,'ibnu yasir','','085175060309'),(47,'Anastasia','','08982222531'),(48,'Mindaryati','Krapyak','085729718648'),(49,'Bintoro','','081329418420'),(50,'Ayu windy','gamping','082137522252'),(51,'Budhy','Teruman','085732782189'),(52,'Bu Indarti','',''),(53,'Pandu','','085743563587'),(54,'Toko Aneka','','087812548796'),(55,'bu prapti','',''),(56,'ike','Gamping','082221001676'),(57,'ibu ibu','',''),(58,'Bu juminem','',''),(59,'Ibu Jun','',''),(60,'ibu sunarti','',''),(61,'Mbak asih tetangga','',''),(62,'Mbah cemplok','',''),(63,'anonim','','08123456789'),(64,'eko nur hidayat','0000','0000'),(65,'hendrawan wawan','giwangan',''),(66,'toko sembako murah bangunjiwo','kasihan',''),(67,'suci sayur','padokan',''),(68,'pak medi','pasar niten dan timoho',''),(69,'bayu','ndiro','0822-3482-4446'),(70,'teh idaman padokan','',''),(71,'teh iketan','',''),(72,'aan ','gamping',''),(73,'endang','',''),(74,'pak edi pecel lele','',''),(75,'ibu yanti','bantul',''),(76,'testing','',''),(77,'eko giwangan','',''),(78,'Zulfan maya','',''),(79,'amin','',''),(80,'sabina','',''),(81,'bu samirah','',''),(82,'pak sunu','',''),(83,'dewa bakso','',''),(84,'farel','',''),(85,'pecel lele ringin','',''),(86,'ibu tetangga','',''),(87,'bu doniyah','',''),(88,'wahudun','',''),(89,'bu samsidah','',''),(90,'mbk win','',''),(91,'mbk vera','',''),(92,'sumiyati','',''),(93,'ambar','',''),(94,'parjiyem','',''),(95,'saryanto','',''),(96,'surip sendang','',''),(97,'toko lancar jaya','',''),(98,'fare renata','',''),(99,'kantin xl','','082112996513'),(100,'estu','',''),(101,'lek surip','',''),(102,'poniyah','',''),(103,'bu sam','',''),(104,'rini dukuh','',''),(105,'puput kretek','',''),(106,'ilham firdhausi friedchicken','',''),(107,'bapak rahmat','',''),(108,'nita','',''),(109,'sujimanto','',''),(110,'hendra','',''),(111,'tetangga','',''),(112,'willy','',''),(113,'bakpia asathu','',''),(114,'restourant lotus mio bangunjiwo','',''),(115,'puspita','',''),(116,'mba ina','',''),(117,'mba sufi','',''),(118,'manaker coffe','','');
/*!40000 ALTER TABLE `customer` ENABLE KEYS */;
UNLOCK TABLES;

--
-- Table structure for table `duit_masuk`
--

DROP TABLE IF EXISTS `duit_masuk`;
/*!40101 SET @saved_cs_client     = @@character_set_client */;
/*!40101 SET character_set_client = utf8 */;
CREATE TABLE `duit_masuk` (
  `id` int(11) NOT NULL AUTO_INCREMENT,
  `kode_bayar` varchar(9) DEFAULT NULL,
  `user_id` int(11) NOT NULL,
  `nominal` varchar(255) NOT NULL,
  `bayar_id` int(11) NOT NULL,
  `created_at` datetime NOT NULL DEFAULT CURRENT_TIMESTAMP,
  PRIMARY KEY (`id`)
) ENGINE=InnoDB AUTO_INCREMENT=105 DEFAULT CHARSET=latin1;
/*!40101 SET character_set_client = @saved_cs_client */;

--
-- Dumping data for table `duit_masuk`
--

LOCK TABLES `duit_masuk` WRITE;
/*!40000 ALTER TABLE `duit_masuk` DISABLE KEYS */;
INSERT INTO `duit_masuk` VALUES (1,NULL,5,'128000',98,'2024-05-02 15:18:04'),(2,NULL,5,'60000',99,'2024-05-02 15:27:07'),(3,NULL,5,'60000',100,'2024-05-02 15:35:12'),(4,NULL,17,'1382040',101,'2024-05-03 14:18:54'),(5,NULL,17,'3042144',102,'2024-05-03 16:34:16'),(6,NULL,17,'169008',103,'2024-05-03 16:34:59'),(7,NULL,17,'855000',104,'2024-05-06 02:07:13'),(8,NULL,17,'59000',105,'2024-05-06 02:44:47'),(9,NULL,17,'839000',106,'2024-05-07 07:57:55'),(10,NULL,17,'839000',107,'2024-05-07 07:59:53'),(11,NULL,17,'9000',108,'2024-05-07 08:01:08'),(12,NULL,17,'14800',109,'2024-05-07 08:02:42'),(13,NULL,17,'403992',110,'2024-05-07 08:09:28'),(14,NULL,5,'5000',112,'2024-05-07 14:04:50'),(15,NULL,5,'700000',112,'2024-05-10 13:48:20'),(16,NULL,5,'49000',114,'2024-05-10 13:52:24'),(17,NULL,5,'67500',115,'2024-05-10 13:53:31'),(18,NULL,5,'36900',116,'2024-05-10 13:55:37'),(19,NULL,5,'69000',117,'2024-05-10 13:57:26'),(20,NULL,5,'35000',118,'2024-05-10 13:59:06'),(21,NULL,5,'24250',119,'2024-05-10 14:07:20'),(22,NULL,5,'125000',120,'2024-05-10 14:08:41'),(23,NULL,5,'14000',121,'2024-05-10 14:10:32'),(24,NULL,5,'26000',122,'2024-05-10 14:11:21'),(25,NULL,5,'204000',123,'2024-05-10 14:12:54'),(26,NULL,5,'289000',124,'2024-05-10 14:15:14'),(27,NULL,5,'104666',125,'2024-05-10 14:21:27'),(28,NULL,5,'84250',126,'2024-05-10 14:24:16'),(29,NULL,5,'850000',127,'2024-05-10 14:25:35'),(30,NULL,5,'35000',128,'2024-05-10 14:27:25'),(31,NULL,5,'204000',129,'2024-05-10 14:28:30'),(32,NULL,5,'60800',130,'2024-05-10 14:35:56'),(33,NULL,5,'15300',131,'2024-05-10 14:37:02'),(34,NULL,5,'25000',132,'2024-05-10 14:37:40'),(35,NULL,5,'150000',133,'2024-05-10 14:41:19'),(36,NULL,5,'829000',134,'2024-05-13 08:50:11'),(37,NULL,5,'211600',135,'2024-05-13 08:52:54'),(38,NULL,5,'188000',136,'2024-05-13 08:56:39'),(39,NULL,5,'839000',137,'2024-05-13 09:02:13'),(40,NULL,5,'408016',138,'2024-05-13 09:05:43'),(41,NULL,5,'899516',139,'2024-05-13 09:08:55'),(42,NULL,5,'1250000',140,'2024-05-13 09:11:02'),(43,NULL,5,'5800',141,'2024-05-13 09:12:24'),(44,NULL,5,'208008',142,'2024-05-13 09:13:28'),(45,NULL,5,'108000',143,'2024-05-13 09:15:18'),(46,NULL,5,'839000',144,'2024-05-14 10:12:44'),(47,NULL,5,'278000',145,'2024-05-14 10:18:01'),(48,NULL,5,'1734000',146,'2024-05-14 10:49:56'),(49,NULL,5,'87000',147,'2024-05-14 10:53:03'),(50,NULL,5,'204000',148,'2024-05-14 13:17:15'),(51,NULL,5,'231600',149,'2024-05-14 13:21:11'),(52,NULL,5,'421920',150,'2024-05-14 13:24:45'),(53,NULL,5,'168000',151,'2024-05-14 13:28:37'),(54,NULL,5,'168000',152,'2024-05-14 13:30:06'),(55,NULL,5,'65000',153,'2024-05-15 09:04:09'),(56,NULL,5,'1112000',154,'2024-05-15 09:15:19'),(57,NULL,5,'15000',155,'2024-05-15 09:16:54'),(58,NULL,5,'829000',156,'2024-05-15 09:21:00'),(59,NULL,5,'30000',157,'2024-05-15 09:44:29'),(60,NULL,5,'68000',158,'2024-05-15 15:47:41'),(61,NULL,5,'25000',159,'2024-05-15 15:48:57'),(62,NULL,5,'168000',160,'2024-05-17 09:29:11'),(63,NULL,5,'20900',161,'2024-05-17 09:58:30'),(64,NULL,5,'177600',162,'2024-05-17 10:00:29'),(65,NULL,5,'52500',163,'2024-05-17 10:02:42'),(66,NULL,5,'572500',164,'2024-05-17 10:05:51'),(67,NULL,5,'225400',165,'2024-05-17 10:07:38'),(68,NULL,5,'414000',166,'2024-05-17 10:13:16'),(69,NULL,5,'839000',167,'2024-05-17 10:16:54'),(70,NULL,5,'20000',168,'2024-05-17 10:18:55'),(71,NULL,5,'264600',169,'2024-05-17 10:21:41'),(72,NULL,5,'25000',170,'2024-05-18 10:11:39'),(73,NULL,5,'25000',171,'2024-05-18 10:12:35'),(74,NULL,5,'350016',172,'2024-05-18 10:15:07'),(75,NULL,5,'1644000',173,'2024-05-18 10:17:17'),(76,NULL,5,'27000',174,'2024-05-18 10:29:35'),(77,NULL,5,'387000',175,'2024-05-18 10:31:53'),(78,NULL,5,'419000',176,'2024-05-18 10:34:15'),(79,NULL,5,'839000',177,'2024-05-21 11:18:29'),(80,NULL,5,'37500',178,'2024-05-21 11:21:37'),(81,NULL,5,'98000',179,'2024-05-21 11:26:40'),(82,NULL,5,'350016',180,'2024-05-21 11:28:27'),(83,NULL,5,'25000',181,'2024-05-21 11:29:57'),(84,NULL,5,'111000',182,'2024-05-21 11:31:30'),(85,NULL,5,'350016',183,'2024-05-24 15:23:40'),(86,NULL,5,'829000',184,'2024-05-24 15:29:26'),(87,NULL,5,'488992',185,'2024-05-24 15:32:19'),(88,NULL,5,'319000',186,'2024-05-24 15:34:21'),(89,NULL,5,'1377792',187,'2024-05-24 15:42:48'),(90,NULL,5,'1217976',188,'2024-05-24 15:46:47'),(91,NULL,5,'850000',189,'2024-05-24 15:48:31'),(92,NULL,5,'321960',190,'2024-05-24 15:51:43'),(93,NULL,5,'45000',191,'2024-05-24 15:53:41'),(94,NULL,5,'50000',192,'2024-05-24 15:54:20'),(95,NULL,5,'15000',193,'2024-05-24 15:55:00'),(96,NULL,5,'2054040',194,'2024-05-27 15:54:14'),(97,NULL,5,'37500',195,'2024-05-27 15:54:44'),(98,NULL,5,'359800',196,'2024-05-27 15:55:56'),(99,NULL,5,'719600',197,'2024-05-27 15:57:02'),(100,NULL,5,'53500',198,'2024-05-27 15:58:01'),(101,NULL,5,'58000',199,'2024-05-29 08:23:01'),(102,NULL,5,'359016',200,'2024-05-29 08:25:48'),(103,NULL,5,'207000',201,'2024-05-29 08:28:46'),(104,NULL,5,'244008',202,'2024-05-29 08:34:31');
/*!40000 ALTER TABLE `duit_masuk` ENABLE KEYS */;
UNLOCK TABLES;

--
-- Table structure for table `foto`
--

DROP TABLE IF EXISTS `foto`;
/*!40101 SET @saved_cs_client     = @@character_set_client */;
/*!40101 SET character_set_client = utf8 */;
CREATE TABLE `foto` (
  `id` int(11) NOT NULL AUTO_INCREMENT,
  `is_cover` int(11) NOT NULL DEFAULT '0',
  `id_user` int(11) NOT NULL,
  `id_produk` int(11) NOT NULL,
  `is_active` int(11) NOT NULL DEFAULT '1',
  `created_at` datetime NOT NULL DEFAULT CURRENT_TIMESTAMP,
  PRIMARY KEY (`id`)
) ENGINE=InnoDB AUTO_INCREMENT=218 DEFAULT CHARSET=latin1;
/*!40101 SET character_set_client = @saved_cs_client */;

--
-- Dumping data for table `foto`
--

LOCK TABLES `foto` WRITE;
/*!40000 ALTER TABLE `foto` DISABLE KEYS */;
INSERT INTO `foto` VALUES (2,1,1,22,1,'2024-01-27 15:35:04'),(3,1,1,3,1,'2024-01-27 15:35:24'),(4,1,1,4,1,'2024-01-27 15:35:39'),(5,1,1,5,1,'2024-01-27 15:35:55'),(7,1,1,1,1,'2024-01-29 15:03:14'),(9,1,1,28,1,'2024-02-17 09:24:22'),(10,1,1,26,1,'2024-02-17 09:31:44'),(11,1,1,24,1,'2024-02-17 09:33:33'),(12,1,1,25,1,'2024-02-17 09:35:02'),(13,1,1,30,1,'2024-02-17 09:37:21'),(17,1,1,35,1,'2024-03-16 10:54:57'),(19,1,5,57,1,'2024-03-31 14:09:06'),(20,1,5,68,1,'2024-03-31 14:21:20'),(21,1,5,68,1,'2024-03-31 14:27:37'),(22,1,5,69,1,'2024-03-31 14:29:24'),(23,1,5,70,1,'2024-03-31 14:31:26'),(24,1,5,71,1,'2024-03-31 14:33:48'),(25,1,5,72,1,'2024-03-31 14:41:10'),(26,1,5,73,1,'2024-03-31 14:43:51'),(27,1,5,74,1,'2024-03-31 14:46:53'),(28,1,5,75,1,'2024-03-31 14:49:52'),(29,1,5,76,1,'2024-03-31 14:51:23'),(30,1,5,78,1,'2024-03-31 14:55:39'),(31,1,5,79,1,'2024-03-31 14:57:20'),(32,1,5,80,1,'2024-03-31 14:58:52'),(33,1,5,81,1,'2024-03-31 15:00:19'),(34,1,5,82,1,'2024-03-31 15:03:19'),(35,1,5,83,1,'2024-03-31 15:04:45'),(36,1,4,23,1,'2024-04-01 09:35:43'),(37,1,4,40,1,'2024-04-01 09:39:47'),(38,1,4,41,1,'2024-04-01 09:40:07'),(39,1,4,42,1,'2024-04-01 09:40:52'),(40,1,4,43,1,'2024-04-01 09:41:07'),(41,1,4,44,1,'2024-04-01 09:41:21'),(42,1,4,45,1,'2024-04-01 09:41:38'),(43,1,4,46,1,'2024-04-01 09:42:02'),(44,1,4,47,1,'2024-04-01 09:42:16'),(45,1,4,48,1,'2024-04-01 09:42:32'),(46,1,4,49,1,'2024-04-01 09:42:58'),(47,1,4,50,1,'2024-04-01 09:43:26'),(48,1,4,52,1,'2024-04-01 09:44:09'),(49,1,4,55,1,'2024-04-01 09:45:04'),(50,1,4,58,1,'2024-04-01 09:45:55'),(51,1,4,60,1,'2024-04-01 09:46:24'),(52,1,4,61,1,'2024-04-01 09:46:59'),(53,1,4,62,1,'2024-04-01 09:47:23'),(54,1,4,63,1,'2024-04-01 09:47:47'),(56,1,4,64,1,'2024-04-01 09:48:34'),(57,1,4,65,1,'2024-04-01 09:52:40'),(58,1,4,84,1,'2024-04-01 09:58:29'),(59,1,4,85,1,'2024-04-01 09:58:53'),(60,1,4,86,1,'2024-04-01 09:59:57'),(61,1,4,87,1,'2024-04-01 10:01:03'),(62,1,4,88,1,'2024-04-01 10:02:53'),(63,1,4,89,1,'2024-04-01 10:03:42'),(64,1,4,90,1,'2024-04-01 10:05:22'),(65,1,4,91,1,'2024-04-01 10:06:16'),(66,1,4,92,1,'2024-04-01 10:06:56'),(67,1,4,95,1,'2024-04-01 10:10:44'),(68,1,4,96,1,'2024-04-01 10:12:05'),(69,1,4,97,1,'2024-04-01 10:13:53'),(70,1,4,99,1,'2024-04-01 10:16:52'),(71,1,10,98,1,'2024-04-01 10:21:32'),(72,1,10,98,1,'2024-04-01 10:35:28'),(73,1,4,102,1,'2024-04-01 11:02:24'),(74,1,4,103,1,'2024-04-01 11:03:13'),(75,1,4,104,1,'2024-04-01 11:04:05'),(76,1,4,105,1,'2024-04-01 11:04:54'),(77,1,4,107,1,'2024-04-01 11:08:08'),(78,1,4,108,1,'2024-04-01 11:08:49'),(79,1,4,109,1,'2024-04-01 11:09:49'),(80,1,4,110,1,'2024-04-01 11:14:02'),(82,1,4,113,1,'2024-04-01 11:17:01'),(84,1,5,114,1,'2024-04-01 11:18:18'),(85,1,5,117,1,'2024-04-01 11:19:26'),(86,1,4,100,1,'2024-04-01 11:20:00'),(87,1,4,120,1,'2024-04-01 11:21:20'),(100,1,4,123,0,'2024-04-01 15:29:15'),(101,1,4,123,1,'2024-04-01 15:30:16'),(102,1,4,124,1,'2024-04-01 15:39:10'),(103,1,4,125,1,'2024-04-01 15:40:17'),(104,1,5,119,1,'2024-04-01 15:41:48'),(106,1,4,128,1,'2024-04-01 15:43:13'),(107,1,4,130,1,'2024-04-01 15:44:09'),(108,1,5,129,1,'2024-04-01 15:44:19'),(109,1,4,131,1,'2024-04-01 15:45:44'),(110,1,5,132,1,'2024-04-01 15:46:20'),(111,1,4,133,1,'2024-04-01 15:46:37'),(112,1,4,134,1,'2024-04-01 15:47:30'),(113,1,5,135,1,'2024-04-01 15:48:13'),(114,1,4,136,1,'2024-04-01 15:48:35'),(115,1,4,137,1,'2024-04-01 15:49:07'),(116,1,5,138,1,'2024-04-01 15:50:00'),(117,1,4,140,1,'2024-04-01 15:50:37'),(118,1,4,141,1,'2024-04-01 15:51:30'),(119,1,4,142,1,'2024-04-01 15:52:20'),(120,1,4,143,1,'2024-04-01 15:52:43'),(121,1,4,144,1,'2024-04-01 15:53:24'),(122,1,5,145,1,'2024-04-01 15:56:12'),(123,1,5,146,1,'2024-04-01 15:56:46'),(124,1,5,147,1,'2024-04-01 15:57:05'),(125,1,5,157,1,'2024-04-17 09:14:37'),(126,0,5,158,1,'2024-04-17 09:20:01'),(130,0,16,160000,1,'2024-04-17 13:52:18'),(133,1,5,1611,1,'2024-04-19 10:13:58'),(134,1,5,162,1,'2024-04-19 10:15:13'),(135,1,17,156,1,'2024-04-19 10:24:13'),(136,1,3,10000,1,'2024-04-19 11:05:12'),(138,1,5,163,0,'2024-04-19 11:06:47'),(140,1,5,163,0,'2024-04-19 13:15:55'),(141,1,5,163,1,'2024-04-19 13:20:18'),(142,1,5,163,0,'2024-04-19 13:40:23'),(143,1,5,163,0,'2024-04-19 13:44:53'),(146,1,9999999,99999,0,'2024-04-20 10:41:03'),(148,1,5,168,0,'2024-04-20 10:49:14'),(149,1,5,168,0,'2024-04-20 10:50:53'),(150,1,17,168,0,'2024-04-20 10:51:10'),(151,1,5,168,1,'2024-04-20 10:52:28'),(152,1,5,168,0,'2024-04-20 14:51:00'),(153,1,5,169,1,'2024-04-22 10:06:57'),(154,1,4,188,1,'2024-04-24 09:08:15'),(155,1,4,190,1,'2024-04-24 09:10:14'),(156,1,4,189,1,'2024-04-24 09:10:34'),(157,1,4,216,1,'2024-04-25 09:15:39'),(158,1,4,215,1,'2024-04-25 09:16:07'),(159,1,4,214,1,'2024-04-25 09:16:22'),(160,1,4,213,1,'2024-04-25 09:16:39'),(161,1,4,212,1,'2024-04-25 09:16:51'),(162,1,4,211,1,'2024-04-25 09:17:23'),(163,1,4,202,1,'2024-04-25 09:17:42'),(164,1,4,201,1,'2024-04-25 09:17:59'),(165,1,4,192,1,'2024-04-25 09:18:43'),(166,1,4,193,1,'2024-04-25 09:19:01'),(167,1,4,210,1,'2024-04-25 09:19:22'),(168,1,4,200,1,'2024-04-25 09:19:46'),(169,1,4,199,1,'2024-04-25 09:20:06'),(170,1,4,198,1,'2024-04-25 09:20:22'),(171,1,4,209,1,'2024-04-25 09:20:42'),(172,1,4,208,1,'2024-04-25 09:20:55'),(173,1,4,194,1,'2024-04-25 09:21:15'),(174,1,4,195,1,'2024-04-25 09:21:26'),(175,1,4,196,1,'2024-04-25 09:21:44'),(176,1,4,203,1,'2024-04-25 09:22:05'),(177,1,4,197,1,'2024-04-25 09:22:20'),(178,1,4,38,1,'2024-04-25 09:28:09'),(179,1,4,115,1,'2024-04-25 09:30:03'),(180,1,4,206,1,'2024-04-25 11:08:11'),(181,1,4,207,1,'2024-04-25 11:08:29'),(182,1,4,205,1,'2024-04-25 11:08:43'),(183,1,4,204,1,'2024-04-25 11:08:56'),(184,1,4,187,1,'2024-04-25 13:41:12'),(185,1,4,53,1,'2024-04-25 13:41:28'),(186,1,4,59,1,'2024-04-25 13:41:53'),(187,1,4,56,1,'2024-04-25 13:42:04'),(188,1,4,218,1,'2024-04-25 13:49:39'),(189,1,5,222,1,'2024-04-26 05:51:02'),(190,0,4,112,1,'2024-04-26 09:02:12'),(191,0,17,67,1,'2024-04-28 09:28:05'),(192,0,17,154,1,'2024-04-28 09:28:51'),(193,1,17,280,1,'2024-04-29 05:41:47'),(194,0,17,281,1,'2024-04-29 07:50:35'),(195,0,17,165,1,'2024-04-29 07:58:37'),(196,0,17,284,1,'2024-04-30 03:05:27'),(197,1,17,281,1,'2024-04-30 13:23:52'),(198,1,17,279,1,'2024-04-30 13:25:36'),(199,0,17,164,1,'2024-04-30 13:43:28'),(200,1,17,155,1,'2024-04-30 13:44:02'),(201,0,17,293,1,'2024-05-01 09:19:24'),(202,1,4,297,1,'2024-05-01 10:02:48'),(203,0,4,297,1,'2024-05-01 10:02:59'),(204,1,4,227,1,'2024-05-03 08:39:42'),(205,0,4,224,0,'2024-05-03 08:40:02'),(206,1,4,300,1,'2024-05-03 08:40:27'),(207,0,4,278,0,'2024-05-03 09:42:00'),(208,0,4,298,1,'2024-05-03 09:42:23'),(209,1,4,224,1,'2024-05-07 15:06:05'),(210,0,4,224,1,'2024-05-07 15:06:36'),(211,1,4,328,1,'2024-05-07 15:29:41'),(212,1,4,329,1,'2024-05-07 15:29:58'),(213,1,4,330,1,'2024-05-07 15:30:13'),(214,1,4,338,1,'2024-05-11 13:15:51'),(215,1,4,273,1,'2024-05-11 13:16:40'),(216,1,4,339,1,'2024-05-11 13:17:12'),(217,0,4,225,1,'2024-05-11 13:17:27');
/*!40000 ALTER TABLE `foto` ENABLE KEYS */;
UNLOCK TABLES;

--
-- Table structure for table `fotoTemp`
--

DROP TABLE IF EXISTS `fotoTemp`;
/*!40101 SET @saved_cs_client     = @@character_set_client */;
/*!40101 SET character_set_client = utf8 */;
CREATE TABLE `fotoTemp` (
  `id` int(11) NOT NULL AUTO_INCREMENT,
  `file` varchar(500) NOT NULL,
  PRIMARY KEY (`id`)
) ENGINE=InnoDB AUTO_INCREMENT=38 DEFAULT CHARSET=latin1;
/*!40101 SET character_set_client = @saved_cs_client */;

--
-- Dumping data for table `fotoTemp`
--

LOCK TABLES `fotoTemp` WRITE;
/*!40000 ALTER TABLE `fotoTemp` DISABLE KEYS */;
INSERT INTO `fotoTemp` VALUES (1,'foto772'),(2,'foto972'),(3,'foto334'),(4,'foto527'),(5,'foto140'),(6,'foto912'),(7,'foto938'),(8,'foto526'),(9,'foto407'),(10,'foto678'),(11,'foto509'),(12,'foto803'),(13,'foto430'),(14,'foto409'),(15,'foto546'),(16,'foto120'),(17,'foto285'),(18,'foto704'),(19,'foto179'),(20,'foto482'),(21,'foto701'),(22,'foto603'),(23,'foto754'),(24,'foto173'),(25,'foto599'),(26,'foto491'),(27,'foto427'),(28,'foto421'),(29,'foto124'),(30,'foto347'),(31,'foto100'),(32,'foto149'),(33,'foto132'),(34,'foto265'),(35,'foto169'),(36,'foto490'),(37,'foto583');
/*!40000 ALTER TABLE `fotoTemp` ENABLE KEYS */;
UNLOCK TABLES;

--
-- Table structure for table `foto_nota_stock`
--

DROP TABLE IF EXISTS `foto_nota_stock`;
/*!40101 SET @saved_cs_client     = @@character_set_client */;
/*!40101 SET character_set_client = utf8 */;
CREATE TABLE `foto_nota_stock` (
  `id` int(11) NOT NULL AUTO_INCREMENT,
  `file` longtext NOT NULL,
  `user_id` int(11) NOT NULL,
  `used` int(11) NOT NULL DEFAULT '0',
  PRIMARY KEY (`id`)
) ENGINE=InnoDB AUTO_INCREMENT=149 DEFAULT CHARSET=latin1;
/*!40101 SET character_set_client = @saved_cs_client */;

--
-- Dumping data for table `foto_nota_stock`
--

LOCK TABLES `foto_nota_stock` WRITE;
/*!40000 ALTER TABLE `foto_nota_stock` DISABLE KEYS */;
INSERT INTO `foto_nota_stock` VALUES (1,'13',5,1),(2,'23',5,1),(27,'10c801e4309bf721600ce15ee61c8ffbfd03ef698d09fa7ff950de7545e2920d.jpg',5,1),(28,'534ec03f0b531031bdfcd6490bacde9022958f86fdcd59c3e6bfa759baafb3ac.jpg',5,1),(29,'9f7b81f3c45305bc11952f31df5e7aee4c83654d3b41464186ef9ce54fd5bfae.jpg',5,1),(30,'1735360569ebb33551ab55e95040a839c3b4db8c55b0b84ec99de705fbf7be62.jpg',17,1),(31,'24418eea514030b386400f052db14345ea2f76785c761a6ac6ccc2d562b806fe.jpg',4,1),(32,'73cc427cc9e0150fc42f7ec0e934ab3ae6f6b3e7a40ff460de54660482734ad2.jpg',5,1),(33,'bb52ffdc438b6d9465b3299ef297adf178a49daad51d36254048042da4ffd18e.jpg',5,1),(34,'b36459a7eed2a39dc663601da834f1ce7999e07819e583126b4f4b778514385f.jpg',5,1),(35,'0c47725a7b52c64b30baea23c4c6d1dd36bf55f19155923357ef8a157aa3709e.jpg',5,1),(36,'8da9433e1e673823c3f662c5c77ee68509920c43ffb8a2856d9ea586ea38a9a2.jpg',5,1),(37,'4a5acebea115915e7b2b7886a9affdd6d232db7aeed8df762ee0a3b44060910a.jpg',4,1),(38,'cd74cc82fb0206960556aadbc252c71a4a03eb26cffc17c8bb755a680927797d.jpg',4,1),(39,'8f1733b095d3d9fa95b975c916e1a7eb05becdd39a4a415a975f91c11815f233.jpg',4,1),(40,'0053d744fdca8f9783f2259284b669e96d36681d1c13adf3d9aa773308f89854.jpg',4,1),(41,'7ceb2125b645efd52bf56831966ec91cb528fdda7700eefca4fa39e260cd2cd7.jpg',16,1),(42,'9243962af23b2b1fe5a62bc83c51bb2abea8aefe7324233ae70712d104a638c9.jpg',16,1),(43,'ed922623ab070f088470705046559357ff07cd2b1aa1a3b37317cda81c90038e.jpg',16,1),(44,'87ec697f9dc455055ee55d186430c83092be07bdd0ce41431b5772581ec2ec6b.jpg',16,1),(45,'8bc7a9d7d3d45e6856ba70ecd6f8066b84281d66f3d646c42c71988e6c3b8208.jpg',4,1),(46,'c0ca24f643db1a1437e056cc155892b8379d305a4add52f53802ea168b1f15b9.jpg',4,1),(47,'303be95de6e91d5187645ee5b3a3af36c46999b3f2ac3b6a966e230946bc58cc.jpg',17,1),(48,'e4fd1fccfa3f0f6bfd8b016a73d4752de76d9749917730f71c1d56b68a78e528.jpg',17,1),(49,'0476a0bd2cb4e837d9bf51f175a5477edec1686999dfc5c2c7006f722f15efc7.jpg',4,1),(50,'6529d6f100b32a27e0f5b0296c90020a2d3e7765ae2094a348b5fdf53c693b13.jpg',4,1),(51,'6a89b2698bad8649dbf2b624f03a4c13dc1c53e3de22887842d237ea425347cf.jpg',4,1),(52,'466498d6735c56b85fdbb58ec3941da7184d595a629073a572877ebcbb7dbffc.jpg',4,1),(53,'d34f5c2d89e0861f6e19446b8ee90f3d7a7004f9e715ff333bbcef19fbb75252.jpg',4,1),(54,'228a63fcbdbac3bb9b2d6a87a0266f8781cb025ef4edca2a27d5293ad0b1d08a.jpg',4,1),(55,'59f13d6e51ff2d03651bbb4e192d5511d95f3f408b2a07626d3a0cb464486218.jpg',4,1),(56,'46e0246dcf66cfb2e7b2e152232440ba07ac6f994af0dcf7d331c4a66fea8daf.jpg',4,1),(57,'398f4af101ee1e30dde340f66dcd3b9b4fe453bc05ff3e01a492210c9606830f.jpg',4,1),(58,'d4108bf7668ebde86588c0fb5451da0eda5153e8bdcba6c876d3e51ee78cf856.jpg',4,1),(59,'672e0712535fb89b73f545d96295f3e65fecacd6fc8b1570516c2255e2745ca9.jpg',5,1),(60,'5d949fb899822d26eb961134aa04c2e7c5938ac018f57afc0de4f289691f06da.jpg',4,1),(61,'89c703fdf200a55991903a4245d77d7e44e69fae0ebb55f1e769ede85bd8d292.jpg',4,1),(62,'4f3a8de0d7059e1e8d05f8673898283420923d5b14cc0f2d6fbd1dadfe7ba008.jpg',4,1),(63,'c22d06fbd71a1e185ebafa2ac0016989f1000a9656f0158939c1242540a092fe.jpg',4,1),(64,'a3c85400c8ed306714827c8b5ec4ee0c60f4013afdb213d469cd66683187fe05.jpg',4,1),(65,'03d503a3fb3ebdf5f0617cf1edc1513658f68deeb3883675d70d4e6137df8437.jpg',5,1),(66,'3b8bd789b81b7efbde7f4d5f172efab57491e606dcf24152c39aedc8e8fc4c82.jpg',17,1),(67,'16ececa7b9d0352c6610ca5b5373534ec1373745743b260f83b08391d0cc8e92.jpg',4,1),(68,'211895beee8325c36f0f3d188565958a02e35fb39cfa7b0225646e9532351df2.jpg',4,1),(69,'1dd89557a1cf4441e6df80da2085c610f970e9404fcc43baaf93aca81a35616c.jpg',4,1),(70,'518bae558479d60b932dc49c8f45f4c97e18e606c7ccc0be844770cb55fcac1e.jpg',4,1),(71,'7a19b100dac3cc68dd38fb05f0067d7c2f4f23e0aab781b74830d9ac96b75bec.jpg',4,1),(72,'e3c7d8c8e7f8e614ee3751c1fe4674eed68b2579464e1cf84f47e0fd8fb05719.jpg',4,1),(73,'25721a463e753760bec05738bd09c94d8bc50baa2a8a9fcd06da1b190832131f.jpg',4,1),(74,'8ac13b8f787256adc1990e03ea9b118d111ad4b95acb57c8c8f4fc4dbd1d2ce1.jpg',4,1),(75,'1f2c52f799614605e075b331ad33ae2bc9b02f0717e47b1a03115f2c80ceac03.jpg',17,1),(76,'6577fc4ae2aac51ee5b3b582f147161a0fb997e33c26686ae03a82fdb3395cc0.jpg',4,1),(77,'409f6be94b6259daba751684213897e7ed61f57b5557baf7d258190eb5f650fd.jpg',4,1),(78,'a85821f9f4d8296bcda6c52e933efea25cb94033ccdefabb67bdcfdcdc306301.jpg',4,1),(79,'b60f9450bd53b1c2af267917a95ff8cf0970a8f980a56acbb6f0148dc0c6524f.jpg',4,1),(80,'f5510e641b70b4a18c1eae317b39e9aeaac3d6cb900407b56c4f3432396ea64c.jpg',4,1),(81,'364c60114c87b8fa7b2a8094ce5c0f00d1d2097286a85685af0eb12a6298609f.jpg',4,1),(82,'9dcb03f41b7e9005b25169342345a3b6e079c777e9622074ce8f2d7ff0dbc757.jpg',5,0),(83,'53a8da9d705c0f1b2eeacc147a8990a8e1f5409aaad12a048462700de22c4567.jpg',4,1),(84,'8ebf212be18fe5a49a136398a07f7e10b5087f0c71c0a64abb9e1704e25ed265.jpg',4,1),(85,'2f510c9f3ce42af02cbfb9f2accae6e89318c3a18513bc57fb1ca2af3df01797.jpg',4,1),(86,'03828dc2c6d072a33565a8fbce6c466637af73f56f72b7cdc95b2ddc32383c9e.jpg',4,1),(87,'f8af987dbbb277143525fb4cd8533681c3d31ba46a3aa46126578af71bb984b3.jpg',4,1),(88,'05e483254ff8eaaae57fdbf395b7548de02482cf790fed9ed856fc2f3f6ee7c7.jpg',4,1),(89,'6e6dbe668d1ed5cabf74a36aeaf08f472ee4a8ee0681589029306711cc9bc3ff.jpg',4,1),(90,'60d5c877fc6920970e223edd17ea60021bbab2671935e4e13cb316a3f4f972b4.jpg',4,1),(91,'93bccb7ff6dba6db66cc0448a9320325fe862c4d803f3531eb460da5d500f1ea.jpg',4,1),(92,'8eea5bd4f0550a5834346c67e9a344b1cb66fbf568c7051a0cfa09e3fa89c73e.jpg',17,1),(93,'078b98732c42c02b2792bc3fffde10b31ec9754151dc7afefe0788b7dc8588d2.jpg',4,1),(94,'fa42e275a8c3c47b60efff6c1ebe783226e8283aae2d522983366c500f724c6b.jpg',4,1),(95,'a38dce6a68405185d387054cd6ce88ca42275a3436cab49bd01f0b70d8932682.jpg',4,1),(96,'83960661e8de1853041c1f29b3f5948beec28393f613a1792ac551f0c74cecc0.jpg',4,1),(97,'b8c80db430d34556d781b170e98e541bfe987a87576ec9c95fddf85558f6da69.jpg',4,1),(98,'ecb8f661e0b7df9fcca290142f22ad83b04643b59eaade80f0fffec8cc9f4b97.jpg',4,1),(99,'7ffe796d3962eb061a9a94ba1c099eafd6603604aed6fc0b5f3188e25ba1b832.jpg',4,1),(100,'4785e9177d806f25c17f7dcb283cb66a8f4d8cfe70cf7119d020823174a86d86.jpg',4,1),(101,'151d4db6687bdbaff1e9d03ab6ba4fbf40a8f485796374dc9e1c455ca01fd267.jpg',4,1),(102,'786eb0b58c70a2bc2ade48eb064fbcd5f116fa39fe69367f4baf72ceb3141a05.jpg',4,1),(103,'19479c1107eaf2888fc8b6f1b40f29c4c11c1e468017f64ef189727b198883ae.jpg',4,1),(104,'2ff3da42f666f0a24ca19f9939b335c370560a4a854014e8f37ad53901d47670.jpg',4,1),(105,'74ec3aa264f2db2c388c69a79b40275ea0d3aedd4422bd17963c18c834de7a5f.jpg',4,1),(106,'fc35902491b597db0f4bea17079b72f71aed43fec895b4b1ce83b1cee66c71a6.jpg',17,1),(107,'06efbbecafe2f69c26180ad723d4288e887b368e75ac954cd7780fea53fa75d5.jpg',4,1),(108,'9da84302cf6484c9a10d1847f40e24f9d4cc0d025c2b45632bdaa3f7e3102866.jpg',4,1),(109,'877ec63738460c1003818248aaf5d374eb5e0e0e4306b7a461ede753e373362f.jpg',4,1),(110,'e1cb73be581ace477008cae3c12b5807fef1078fd77dec2cec676bd1ac5a73b6.jpg',4,1),(111,'02f8924b84c0a759bb514e23fd985d5305cc74e86da136aee7a93b7329539a67.jpg',4,1),(112,'95661de08d7283984de7f0fb338c92b5352e6723ccd55cd26b303500161252a4.jpg',4,1),(113,'471a4c03110237451f2edafa7e6bc9e641fbfe4649d82eb1c4c916543b8eb176.jpg',4,1),(114,'b46f1fd307bb81986f81a81f3c25820b0468aa2e8d87cae91d39600ce9204726.jpg',4,1),(115,'487f16d1ed585a7fbb7ac003c48ed09163cd508ee4ff8d20684c05707b460a74.jpg',4,1),(116,'5bc6e447b2853ec4d2dc82b96f842c68df699fee8ad404e5eebdc51b355693ca.jpg',4,1),(117,'2267db8d0abf6e219eab4ca9e69b829ea873173b713c3b26fd67693a4e989a18.jpg',4,1),(118,'f096e6e5bd29091b668109464e9526ffa38b59e020309d94b0d047afc8f62aed.jpg',4,1),(119,'d5ad103a3d4eeaf0503412f78c3457a051af426d67aa81d8dc98778d7aae0078.jpg',4,1),(120,'a50d12f47d4c9207d52ed21f523fa224eea3f7964343c3e4c05bd50c4b96f88a.jpg',4,1),(121,'b5e10a1dd9ca8c8d5ee4c97a30f699299545942621f3b023231ec46df252b302.jpg',4,1),(122,'6c155afc3b0abe40ffa15bb7c3b0ea1d11f734f6b047f5f0347810a99846ba7b.jpg',4,1),(123,'724b7ce29274f399daa4c27bdbc48b1dd3380931a8e8b78cd4966238fab501e3.jpg',4,1),(124,'2b987d5a8e4746c392903b4e9791055897422e2527a140da0d731a2b25321448.jpg',4,1),(125,'b9350aeb2b9146d4c9d7e2fbb39e6809eddb4533a9249e2bb0f7ca5780eea11e.jpg',4,1),(126,'76faef2b70340327eb6c86d2be665fcf403e360c0270bf089b67bd860a2d2f85.jpg',4,1),(127,'16efcef47133434e706015fd4c0251fd38eafed91012a48afcc612043ab457f5.jpg',4,1),(128,'802d50ca6c01d6ef9b37c6ea869a95811c9cfb3d57136ab625f2979fe03c36d6.jpg',4,1),(129,'52bb74b6fbf0d8341b06783d56ad01cf87eda6eac77cba2fd8fd89d42667c768.jpg',4,1),(130,'8031292b4aa9546069f8886cb297853b0e14fffb827f2ac01fa6e992511e9635.jpg',4,1),(131,'fc4b45fcc6c687f9ac27e9609fae1150755b548856f97bdd2a4d9bef4d92ebf7.jpg',4,1),(132,'19b4bfae7568938abd3a13f773d2fd69f7be491bd97ccf77fe6a00a6ad174f3f.jpg',4,1),(133,'0fb12347a4bc8d560541dfcb22f58decd1ad3944d3057dbd34b58e655998b506.jpg',4,1),(134,'f6ff047930439ad012215c3386b44d6a8f821d365c0de1508d72fe1ab2a3a0bf.jpg',4,1),(135,'08c1cfe81f817426f2de5aaa4ab67bb3a0ee042604464069d28e5e4a3f95881d.jpg',4,1),(136,'6f396670689ddc7434332a29ae76795535e7776e00c25eabe59dc8ca355350a5.jpg',4,1),(137,'bd6ef50a121195f3a47252710d80313a78ef2ede89a9a1452c77612e11ba8cf6.jpg',4,1),(138,'1a0d47f34fed9e3d60f5aeb85d0824b4f925752846385908df51e0ad7b7e8d2e.jpg',4,1),(139,'d11514a7fe622dac74b89e127cc0ce3385333069b4d105762a9126f2749ff546.jpg',4,1),(140,'4fb8d4373953a12ff3610489206640a8b8f122e1349697a320218f0585b4886b.jpg',4,1),(141,'1026b67d97999c67d6f143d14f3c8b0991c29645bc940406acd516779c5881ee.jpg',4,1),(142,'9028fdbaec139d2a411ee5257d76d96b1af98bd817ca90435ac86cfdf15d51e5.jpg',4,1),(143,'a075e7b51872e4872fc58e170942cc88f936b738a71e865fbd4d4dcb1ae44b2b.jpg',4,1),(144,'02f755e14bd14e99be033137ccd17ed6ac2dd2c3e8948efce5e490d6d7484d09.jpg',4,1),(145,'bd749720f3e2f8753eec163a3b3ce4086834e7683f9f60aef4fcdb5fbf1e9a30.jpg',4,1),(146,'e3d1ae5dad8df0881e6fccfd76343bc84bb72d280f72d365141d8edaf821a7f4.jpg',4,1),(147,'5d2461684579904b0fe968122c459087dcb377e32b07c3130776b1c411cd276b.jpg',4,1),(148,'1112f0bfea3d946addd8c86117de7f080527434434a6094d0c5d126397139281.jpg',4,0);
/*!40000 ALTER TABLE `foto_nota_stock` ENABLE KEYS */;
UNLOCK TABLES;

--
-- Table structure for table `keranjang`
--

DROP TABLE IF EXISTS `keranjang`;
/*!40101 SET @saved_cs_client     = @@character_set_client */;
/*!40101 SET character_set_client = utf8 */;
CREATE TABLE `keranjang` (
  `id` int(11) NOT NULL AUTO_INCREMENT,
  `user_id` int(11) NOT NULL,
  `id_customer` varchar(255) DEFAULT NULL,
  `product_id` int(11) DEFAULT NULL,
  `jumlah` varchar(11) DEFAULT NULL,
  `request` longtext,
  `note` longtext NOT NULL,
  `created_at` datetime NOT NULL DEFAULT CURRENT_TIMESTAMP,
  `komentar` varchar(9999) DEFAULT NULL,
  `harga` varchar(500) DEFAULT NULL,
  PRIMARY KEY (`id`)
) ENGINE=InnoDB AUTO_INCREMENT=11 DEFAULT CHARSET=latin1;
/*!40101 SET character_set_client = @saved_cs_client */;

--
-- Dumping data for table `keranjang`
--

LOCK TABLES `keranjang` WRITE;
/*!40000 ALTER TABLE `keranjang` DISABLE KEYS */;
/*!40000 ALTER TABLE `keranjang` ENABLE KEYS */;
UNLOCK TABLES;

--
-- Table structure for table `log_harga`
--

DROP TABLE IF EXISTS `log_harga`;
/*!40101 SET @saved_cs_client     = @@character_set_client */;
/*!40101 SET character_set_client = utf8 */;
CREATE TABLE `log_harga` (
  `id` int(11) NOT NULL AUTO_INCREMENT,
  `created_at` datetime NOT NULL,
  `id_produk` int(11) NOT NULL,
  `harga_awal` varchar(255) NOT NULL,
  `harga_baru` varchar(255) NOT NULL,
  `id_user` int(11) NOT NULL,
  PRIMARY KEY (`id`)
) ENGINE=InnoDB DEFAULT CHARSET=latin1;
/*!40101 SET character_set_client = @saved_cs_client */;

--
-- Dumping data for table `log_harga`
--

LOCK TABLES `log_harga` WRITE;
/*!40000 ALTER TABLE `log_harga` DISABLE KEYS */;
/*!40000 ALTER TABLE `log_harga` ENABLE KEYS */;
UNLOCK TABLES;

--
-- Table structure for table `log_harga_jual`
--

DROP TABLE IF EXISTS `log_harga_jual`;
/*!40101 SET @saved_cs_client     = @@character_set_client */;
/*!40101 SET character_set_client = utf8 */;
CREATE TABLE `log_harga_jual` (
  `id` int(11) NOT NULL AUTO_INCREMENT,
  `id_produk` int(11) NOT NULL,
  `harga_jual` varchar(255) NOT NULL,
  `created_at` date NOT NULL,
  PRIMARY KEY (`id`)
) ENGINE=InnoDB AUTO_INCREMENT=98 DEFAULT CHARSET=latin1;
/*!40101 SET character_set_client = @saved_cs_client */;

--
-- Dumping data for table `log_harga_jual`
--

LOCK TABLES `log_harga_jual` WRITE;
/*!40000 ALTER TABLE `log_harga_jual` DISABLE KEYS */;
INSERT INTO `log_harga_jual` VALUES (1,156,'18300','2024-04-25'),(2,156,'18000','2024-04-26'),(3,156,'18000','2024-04-27'),(4,272,'7500','2024-04-27'),(5,187,'15600','2024-04-28'),(6,50,'16625','2024-04-28'),(7,26,'0','2024-04-28'),(8,280,'3200','2024-04-29'),(9,281,'839000','2024-04-29'),(10,53,'14500','2024-04-29'),(11,38,'17900','2024-04-29'),(12,185,'390000','2024-04-30'),(13,283,'17000','2024-04-30'),(14,284,'10000','2024-04-30'),(15,156,'18900','2024-04-30'),(16,26,'17750','2024-04-30'),(17,279,'0','2024-04-30'),(18,279,'839000','2024-04-30'),(19,164,'8500','2024-04-30'),(20,291,'17000','2024-05-01'),(21,292,'4000','2024-05-01'),(22,293,'17000','2024-05-01'),(23,64,'14750','2024-05-01'),(24,155,'17500','2024-05-01'),(25,277,'64000','2024-05-01'),(26,59,'7500','2024-05-01'),(27,297,'0','2024-05-01'),(28,217,'0','2024-05-03'),(29,52,'15250','2024-05-03'),(30,193,'204000','2024-05-03'),(31,193,'17000','2024-05-03'),(32,23,'8000','2024-05-03'),(33,218,'15000','2024-05-03'),(34,314,'26000','2024-05-04'),(35,315,'11750','2024-05-04'),(36,44,'27000','2024-05-04'),(37,316,'7950','2024-05-04'),(38,317,'3250','2024-05-04'),(39,318,'2850','2024-05-04'),(40,319,'8450','2024-05-04'),(41,279,'855000','2024-05-06'),(42,299,'839000','2024-05-07'),(43,25,'14800','2024-05-07'),(44,50,'16833','2024-05-07'),(45,224,'0','2024-05-07'),(46,60,'17500','2024-05-10'),(47,50,'17000','2024-05-10'),(48,181,'7500','2024-05-10'),(49,223,'8000','2024-05-10'),(50,58,'8900','2024-05-10'),(51,53,'14000','2024-05-10'),(52,58,'9000','2024-05-10'),(53,111,'10000','2024-05-10'),(54,337,'11000','2024-05-10'),(55,52,'15300','2024-05-10'),(56,56,'15000','2024-05-10'),(57,273,'0','2024-05-11'),(58,299,'829000','2024-05-13'),(59,155,'17000','2024-05-13'),(60,38,'18000','2024-05-13'),(61,38,'18800','2024-05-13'),(62,58,'9500','2024-05-13'),(63,332,'12500','2024-05-13'),(64,340,'2900','2024-05-13'),(65,225,'9000','2024-05-13'),(66,208,'2637','2024-05-14'),(67,342,'14750','2024-05-15'),(68,342,'15000','2024-05-15'),(69,343,'829000','2024-05-15'),(70,344,'2900','2024-05-17'),(71,348,'0','2024-05-17'),(72,348,'4250','2024-05-17'),(73,190,'9800','2024-05-17'),(74,184,'16625','2024-05-17'),(75,343,'839000','2024-05-17'),(76,278,'822000','2024-05-18'),(77,297,'5000','2024-05-18'),(78,339,'219000','2024-05-18'),(79,178,'9800','2024-05-18'),(80,198,'3000','2024-05-18'),(81,344,'3000','2024-05-21'),(82,291,'15100','2024-05-24'),(83,296,'15000','2024-05-24'),(84,273,'228000','2024-05-24'),(85,184,'16658','2024-05-24'),(86,349,'14583','2024-05-24'),(87,350,'14000','2024-05-24'),(88,343,'850000','2024-05-24'),(89,209,'2500','2024-05-24'),(90,209,'2637','2024-05-24'),(91,350,'14500','2024-05-24'),(92,50,'16917','2024-05-27'),(93,38,'17990','2024-05-27'),(94,292,'3500','2024-05-27'),(95,360,'6900','2024-05-29'),(96,50,'16834','2024-05-29'),(97,181,'14000','2024-05-29');
/*!40000 ALTER TABLE `log_harga_jual` ENABLE KEYS */;
UNLOCK TABLES;

--
-- Table structure for table `log_stock`
--

DROP TABLE IF EXISTS `log_stock`;
/*!40101 SET @saved_cs_client     = @@character_set_client */;
/*!40101 SET character_set_client = utf8 */;
CREATE TABLE `log_stock` (
  `id` int(11) NOT NULL AUTO_INCREMENT,
  `created_at` datetime NOT NULL,
  `id_produk` int(11) NOT NULL,
  `stok_awal` int(11) NOT NULL,
  `stok_baru` int(11) NOT NULL,
  `id_user` int(11) NOT NULL,
  `reff` varchar(255) DEFAULT NULL COMMENT '(id dari pesanan)',
  `vendor` varchar(255) DEFAULT NULL,
  `harga` varchar(255) NOT NULL,
  `unit` varchar(255) NOT NULL,
  `id_cover` int(11) NOT NULL,
  `is_active` int(11) NOT NULL DEFAULT '1',
  `is_verif` int(11) NOT NULL DEFAULT '0',
  `tanggal_beli` date DEFAULT NULL,
  `totalAsliNota` varchar(255) NOT NULL,
  PRIMARY KEY (`id`)
) ENGINE=InnoDB AUTO_INCREMENT=329 DEFAULT CHARSET=latin1;
/*!40101 SET character_set_client = @saved_cs_client */;

--
-- Dumping data for table `log_stock`
--

LOCK TABLES `log_stock` WRITE;
/*!40000 ALTER TABLE `log_stock` DISABLE KEYS */;
INSERT INTO `log_stock` VALUES (14,'2024-04-16 13:03:05',57,24,25,5,NULL,'indogrosir','3000','pcs',1,1,1,'2024-04-08',''),(15,'2024-04-16 13:03:05',65,12,13,5,NULL,'indogrosir','11100','pcs',1,1,0,'2024-04-08',''),(16,'2024-04-16 13:03:05',110,1,2,5,NULL,'indogrosir','13500','pcs',1,1,0,'2024-04-08',''),(17,'2024-04-16 13:03:05',125,1,6,5,NULL,'indogrosir','2000','pcs',1,1,1,'2024-04-08',''),(18,'2024-04-16 13:03:05',70,100,103,5,NULL,'indogrosir','2000','pcs',1,1,1,'2024-04-08',''),(19,'2024-04-16 13:03:05',156,0,2,5,NULL,'indogrosir','17500','pcs',1,1,0,'2024-04-08',''),(20,'2024-04-16 13:03:05',157,0,1,5,NULL,'indogrosir','7200','pcs',1,1,0,'2024-04-08',''),(21,'2024-04-16 13:03:05',158,0,1,5,NULL,'indogrosir','27700','pcs',1,1,0,'2024-04-08',''),(22,'2024-04-16 13:03:05',159,0,1,5,NULL,'indogrosir','9300','pcs',1,1,0,'2024-04-08',''),(23,'2024-04-16 13:03:05',160,0,1,5,NULL,'indogrosir','11500','pcs',1,1,0,'2024-04-08',''),(24,'2024-04-18 11:00:42',57,24,25,5,NULL,'indogrosir','13000','pcs',2,1,0,'2024-04-10',''),(25,'2024-04-18 11:00:42',65,12,13,5,NULL,'indogrosir','11100','pcs',2,1,0,'2024-04-10',''),(26,'2024-04-18 11:00:42',110,1,2,5,NULL,'indogrosir','13500','pcs',2,1,0,'2024-04-10',''),(27,'2024-04-18 11:00:42',156,0,2,5,NULL,'indogrosir','17500','pcs',2,1,0,'2024-04-10',''),(28,'2024-04-18 11:00:42',157,0,1,5,NULL,'indogrosir','7200','pcs',2,1,0,'2024-04-10',''),(29,'2024-04-18 11:00:42',125,1,2,5,NULL,'indogrosir','10500','pcs',2,1,0,'2024-04-10',''),(30,'2024-04-18 11:00:42',158,0,1,5,NULL,'indogrosir','27700','pcs',2,1,0,'2024-04-10',''),(31,'2024-04-18 11:00:42',58,12,13,5,NULL,'indogrosir','9300','pcs',2,1,0,'2024-04-10',''),(32,'2024-04-18 11:00:42',63,24,25,5,NULL,'indogrosir','11500','pcs',2,1,0,'2024-04-10',''),(33,'2024-04-18 11:00:42',70,100,101,5,NULL,'indogrosir','5800','pcs',2,1,0,'2024-04-10',''),(78,'2024-04-23 12:04:40',65,13,20,16,NULL,'indogrosir','10900','pcs',42,1,0,'2024-04-15',''),(79,'2024-04-23 12:04:40',177,0,3,16,NULL,'indogrosir','9083','pcs',42,1,0,'2024-04-15',''),(80,'2024-04-23 12:04:40',156,16,18,16,NULL,'indogrosir','17500','pcs',42,1,0,'2024-04-15',''),(81,'2024-04-23 12:04:40',178,0,7,16,NULL,'indogrosir','218000','pcs',42,1,0,'2024-04-15',''),(82,'2024-04-23 12:04:40',179,0,1,16,NULL,'indogrosir','138000','pcs',42,1,0,'2024-04-15',''),(83,'2024-04-23 12:12:15',65,20,21,16,NULL,'indogrosir','11100','pcs',43,1,0,'2024-04-11',''),(84,'2024-04-23 12:12:15',63,25,26,16,NULL,'indogrosir','13500','pcs',43,1,0,'2024-04-11',''),(85,'2024-04-23 12:12:15',156,18,20,16,NULL,'indogrosir','17500','pcs',43,1,0,'2024-04-11',''),(86,'2024-04-23 12:12:15',157,1,2,16,NULL,'indogrosir','7200','pcs',43,1,0,'2024-04-11',''),(87,'2024-04-23 12:12:15',125,2,3,16,NULL,'indogrosir','10500','pcs',43,1,0,'2024-04-11',''),(88,'2024-04-23 12:12:15',158,5,6,16,NULL,'indogrosir','27700','pcs',43,1,0,'2024-04-11',''),(89,'2024-04-23 12:12:15',159,0,1,16,NULL,'indogrosir','9300','pcs',43,1,0,'2024-04-11',''),(90,'2024-04-23 12:12:15',160,0,1,16,NULL,'indogrosir','11500','pcs',43,1,0,'2024-04-11',''),(91,'2024-04-23 12:12:15',70,101,102,16,NULL,'indogrosir','5800','pcs',43,1,0,'2024-04-11',''),(92,'2024-04-23 12:20:15',156,20,22,16,NULL,'indogrosir','17500','pcs',44,1,0,'2024-04-15',''),(93,'2024-04-23 12:20:15',162,34,37,16,NULL,'indogrosir','5300','pcs',44,1,0,'2024-04-15',''),(94,'2024-04-23 12:20:15',180,0,1,16,NULL,'indogrosir','18900','pcs',44,1,0,'2024-04-15',''),(95,'2024-04-23 13:53:29',50,1128,2328,4,NULL,'tanpanama','16460','pcs',40,1,1,'2024-04-22',''),(96,'2024-04-23 13:53:29',156,22,262,4,NULL,'tanpanama','17800','pcs',40,1,1,'2024-04-22',''),(97,'2024-04-23 13:53:29',181,0,20,4,NULL,'tanpanama','6900','pcs',40,1,1,'2024-04-22',''),(98,'2024-04-23 14:50:58',183,0,1,4,NULL,'MANNA KAMPUS','11080','pcs ',45,1,1,'2024-04-23',''),(99,'2024-04-23 14:50:58',184,0,18,4,NULL,'MANNA KAMPUS','32700','pcs',45,1,1,'2024-04-23',''),(100,'2024-04-23 14:50:58',185,0,1,4,NULL,'MANNA KAMPUS','26600','kg',45,1,1,'2024-04-23',''),(101,'2024-04-23 14:50:58',186,0,1,4,NULL,'MANNA KAMPUS','1970','pcs',45,1,1,'2024-04-23',''),(104,'2024-04-24 08:58:15',53,24,36,4,NULL,'CV MEKAR MULIA ABADI','14080','pcs',46,1,1,'2024-04-20',''),(105,'2024-04-24 08:58:15',187,0,12,4,NULL,'CV MEKAR MULIA ABADI','15250','pcs',46,1,1,'2024-04-20',''),(106,'2024-04-24 10:27:13',38,120,132,4,NULL,'tanpanama','17000','pcs',49,1,0,'2024-04-24',''),(107,'2024-04-24 12:52:02',192,0,1,4,NULL,'CV TIGA PUTRA JAYA','208500','kardus',50,1,0,'2024-04-24',''),(108,'2024-04-24 12:52:02',193,0,1,4,NULL,'CV TIGA PUTRA JAYA','205000','kardus',50,1,0,'2024-04-24',''),(109,'2024-04-24 12:52:02',194,0,1,4,NULL,'CV TIGA PUTRA JAYA','46500','kardus',50,1,0,'2024-04-24',''),(110,'2024-04-24 12:52:02',195,0,1,4,NULL,'CV TIGA PUTRA JAYA','53000','kardus',50,1,0,'2024-04-24',''),(111,'2024-04-24 12:52:02',196,0,1,4,NULL,'CV TIGA PUTRA JAYA','344350','kardus',50,1,0,'2024-04-24',''),(112,'2024-04-24 12:52:02',197,0,1,4,NULL,'CV TIGA PUTRA JAYA','446150','kardus',50,1,0,'2024-04-24',''),(113,'2024-04-24 12:52:02',198,0,1,4,NULL,'CV TIGA PUTRA JAYA','105950','kardus',50,1,0,'2024-04-24',''),(114,'2024-04-24 12:52:02',199,0,1,4,NULL,'CV TIGA PUTRA JAYA','100450','kardus',50,1,0,'2024-04-24',''),(115,'2024-04-24 12:52:02',200,0,1,4,NULL,'CV TIGA PUTRA JAYA','100450','kardus',50,1,0,'2024-04-24',''),(116,'2024-04-24 12:52:02',201,0,1,4,NULL,'CV TIGA PUTRA JAYA','110000','kardus',50,1,0,'2024-04-24',''),(117,'2024-04-24 12:52:02',202,0,1,4,NULL,'CV TIGA PUTRA JAYA','110000','kardus',50,1,0,'2024-04-24',''),(118,'2024-04-24 12:52:02',203,0,1,4,NULL,'CV TIGA PUTRA JAYA','341250','kardus',50,1,0,'2024-04-24',''),(119,'2024-04-24 12:52:02',204,0,1,4,NULL,'CV TIGA PUTRA JAYA','21000','kardus',50,1,0,'2024-04-24',''),(120,'2024-04-24 12:52:02',205,0,1,4,NULL,'CV TIGA PUTRA JAYA','33350','kardus',50,1,0,'2024-04-24',''),(121,'2024-04-24 12:52:02',206,0,1,4,NULL,'CV TIGA PUTRA JAYA','35000','lainnya',50,1,0,'2024-04-24',''),(122,'2024-04-24 12:52:02',207,0,1,4,NULL,'CV TIGA PUTRA JAYA','32200','kardus',50,1,0,'2024-04-24',''),(123,'2024-04-24 12:52:02',208,0,1,4,NULL,'CV TIGA PUTRA JAYA','105200','kardus',50,1,0,'2024-04-24',''),(124,'2024-04-24 12:52:02',209,0,1,4,NULL,'CV TIGA PUTRA JAYA','105200','kardus',50,1,0,'2024-04-24',''),(125,'2024-04-24 12:52:02',210,0,1,4,NULL,'CV TIGA PUTRA JAYA','150000','kardus',50,1,0,'2024-04-24',''),(126,'2024-04-24 12:52:02',211,0,1,4,NULL,'CV TIGA PUTRA JAYA','105300','kardus',50,1,0,'2024-04-24',''),(127,'2024-04-24 12:52:02',212,0,1,4,NULL,'CV TIGA PUTRA JAYA','131000','kardus',50,1,0,'2024-04-24',''),(128,'2024-04-24 12:52:02',213,0,1,4,NULL,'CV TIGA PUTRA JAYA','105300','kardus',50,1,0,'2024-04-24',''),(129,'2024-04-24 12:52:02',214,0,1,4,NULL,'CV TIGA PUTRA JAYA','105300','kardus',50,1,0,'2024-04-24',''),(130,'2024-04-24 12:52:02',215,0,1,4,NULL,'CV TIGA PUTRA JAYA','131000','kardus',50,1,0,'2024-04-24',''),(131,'2024-04-24 12:52:02',216,0,1,4,NULL,'CV TIGA PUTRA JAYA','18000','lainnya',50,1,0,'2024-04-24',''),(132,'2024-04-24 13:02:54',217,0,1,4,NULL,'PT PURBALAKSANA JAYA MANDIRI','316500','lainnya',51,1,0,'2024-04-21',''),(133,'2024-04-24 13:04:33',24,29,30,4,NULL,'PT PURBALAKSANA JAYA MANDIRI','834000','lainnya',52,1,0,'2024-04-21',''),(134,'2024-04-24 13:06:40',24,29,30,4,NULL,'PT PURBALAKSANA JAYA MANDIRI','834000','lainnya',53,1,0,'2024-04-21',''),(135,'2024-04-24 13:08:02',24,29,34,4,NULL,'PT PURBALAKSANA JAYA MANDIRI','834000','lainnya',54,1,0,'2024-04-21',''),(136,'2024-04-24 13:09:31',38,120,140,4,NULL,'MANNA KAMPUS','17700','pcs',55,1,0,'2024-04-21',''),(137,'2024-04-25 13:16:40',24,29,39,4,NULL,'PT LESTARI BERKAH SEJATI','833000','lainnya',56,1,0,'2024-04-24',''),(138,'2024-04-25 13:16:40',56,20,30,4,NULL,'PT LESTARI BERKAH SEJATI','145000','lainnya',56,1,0,'2024-04-24',''),(139,'2024-04-25 13:16:40',59,40,50,4,NULL,'PT LESTARI BERKAH SEJATI','131000','lainnya',56,1,0,'2024-04-24',''),(140,'2024-04-25 13:46:43',218,0,2,4,NULL,'PT LESTARI BERKAH SEJATI','170000','lainnya',57,1,0,'2024-04-24',''),(141,'2024-04-25 13:46:43',187,12,14,4,NULL,'PT LESTARI BERKAH SEJATI','176000','lainnya',57,1,0,'2024-04-24',''),(142,'2024-04-25 13:46:43',193,0,6,4,NULL,'PT LESTARI BERKAH SEJATI','202000','kardus',57,1,0,'2024-04-24',''),(143,'2024-04-25 14:11:53',219,0,2,4,NULL,'tanpanama','6365','lainnya',58,1,0,'2024-04-20',''),(144,'2024-04-25 14:11:53',220,0,1,4,NULL,'tanpanama','22050','lainnya',58,1,0,'2024-04-20',''),(145,'2024-04-25 14:11:53',188,0,1,4,NULL,'tanpanama','17650','pcs',58,1,0,'2024-04-20',''),(146,'2024-04-25 14:11:53',38,120,121,4,NULL,'tanpanama','17700','pcs',58,1,0,'2024-04-20',''),(147,'2024-04-26 05:58:39',110,2,3,5,NULL,'indogrosir','12500','pcs',36,1,1,'2024-04-25',''),(148,'2024-04-26 05:58:39',63,26,27,5,NULL,'indogrosir','11500','pcs',36,1,1,'2024-04-25',''),(149,'2024-04-26 05:58:39',57,25,26,5,NULL,'indogrosir','13000','pcs',36,1,0,'2024-04-25',''),(150,'2024-04-26 05:58:39',65,21,22,5,NULL,'indogrosir','11100','pcs',36,1,0,'2024-04-25',''),(151,'2024-04-26 05:58:39',70,102,103,5,NULL,'indogrosir','5800','pcs',36,1,0,'2024-04-25',''),(152,'2024-04-26 05:58:39',38,120,121,5,NULL,'indogrosir','17500','pcs',36,1,1,'2024-04-25',''),(153,'2024-04-26 05:58:39',222,0,1,5,NULL,'indogrosir','5500','pcs',36,1,1,'2024-04-25',''),(154,'2024-04-26 09:21:51',217,0,1,4,NULL,'PT PURBALAKSANA JAYA MANDIRI','316500','lainnya',60,1,0,'2024-04-26',''),(155,'2024-04-26 09:21:51',223,0,1,4,NULL,'PT PURBALAKSANA JAYA MANDIRI','169500','karung',60,1,0,'2024-04-26',''),(156,'2024-04-26 09:26:41',58,13,14,4,NULL,'PT PURBALAKSANA JAYA MANDIRI','103500','kardus',61,1,0,'2024-04-26',''),(157,'2024-04-26 09:28:03',224,0,1,4,NULL,'PT PURBALAKSANA JAYA MANDIRI','275500','lainnya',62,1,0,'2024-04-26',''),(158,'2024-04-26 10:22:43',222,1,6,5,NULL,'aaa','5000','pcs',59,1,0,'2024-04-26',''),(159,'2024-04-26 10:22:43',218,0,4,5,NULL,'aaa','4000','pcs',59,1,0,'2024-04-26',''),(160,'2024-04-26 10:22:50',225,0,1,4,NULL,'PT GOEDANG GROSIR BERDIKARI','106000','lainnya',63,1,0,'2024-04-26',''),(161,'2024-04-26 10:24:16',225,0,12,4,NULL,'PT GOEDANG GROSIR BERDIKARI','106000','lainnya',64,1,0,'2024-04-26',''),(162,'2024-04-26 16:01:19',226,0,1,17,NULL,'indogrosir','99000','pcs',66,1,0,'2024-04-25',''),(163,'2024-04-26 16:01:19',65,21,22,17,NULL,'indogrosir','126000','pcs',66,1,0,'2024-04-25',''),(164,'2024-04-26 16:01:19',63,27,28,17,NULL,'indogrosir','128700','pcs',66,1,0,'2024-04-25',''),(165,'2024-04-26 16:01:19',165,10,11,17,NULL,'indogrosir','167000','pcs',66,1,0,'2024-04-25',''),(166,'2024-04-27 08:16:32',227,0,1,4,NULL,'CV MEKAR MULIA ABADI','18000','lainnya',67,1,0,'2024-04-26',''),(167,'2024-04-27 08:16:32',56,20,21,4,NULL,'CV MEKAR MULIA ABADI','7950','pcs',67,1,0,'2024-04-26',''),(168,'2024-04-27 08:16:32',181,20,21,4,NULL,'CV MEKAR MULIA ABADI','7450','pcs',67,1,0,'2024-04-26',''),(169,'2024-04-27 08:16:32',63,27,28,4,NULL,'CV MEKAR MULIA ABADI','11700','pcs',67,1,0,'2024-04-26',''),(170,'2024-04-27 08:16:32',228,0,1,4,NULL,'CV MEKAR MULIA ABADI','15700','pcs',67,1,0,'2024-04-26',''),(171,'2024-04-27 08:16:32',229,0,1,4,NULL,'CV MEKAR MULIA ABADI','4500','pcs',67,1,0,'2024-04-26',''),(172,'2024-04-27 08:16:32',230,0,1,4,NULL,'CV MEKAR MULIA ABADI','6900','pcs',67,1,0,'2024-04-26',''),(173,'2024-04-27 08:42:06',226,0,1,4,NULL,'INDOGROSIR YOGYAKARTA','99000','lainnya',68,1,0,'2024-04-25',''),(174,'2024-04-27 08:42:06',65,21,22,4,NULL,'INDOGROSIR YOGYAKARTA','126000','lainnya',68,1,0,'2024-04-25',''),(175,'2024-04-27 08:42:06',63,27,28,4,NULL,'INDOGROSIR YOGYAKARTA','128700','lainnya',68,1,0,'2024-04-25',''),(176,'2024-04-27 08:42:06',165,10,11,4,NULL,'INDOGROSIR YOGYAKARTA','162900','lainnya',68,1,0,'2024-04-25',''),(179,'2024-04-27 09:18:26',231,0,1,4,NULL,'INDOGROSIR YOGYAKARTA','144500','lainnya',69,1,0,'2024-04-25','0'),(180,'2024-04-27 09:18:26',232,0,1,4,NULL,'INDOGROSIR YOGYAKARTA','144500','lainnya',69,1,0,'2024-04-25','0'),(181,'2024-04-27 09:18:26',233,0,2,4,NULL,'INDOGROSIR YOGYAKARTA','13000','lainnya',69,1,0,'2024-04-25','0'),(182,'2024-04-27 09:18:26',234,0,1,4,NULL,'INDOGROSIR YOGYAKARTA','9000','lainnya',69,1,0,'2024-04-25','0'),(183,'2024-04-27 09:18:26',235,0,1,4,NULL,'INDOGROSIR YOGYAKARTA','9300','lainnya',69,1,0,'2024-04-25','0'),(184,'2024-04-27 09:18:26',236,0,1,4,NULL,'INDOGROSIR YOGYAKARTA','7600','lainnya',69,1,0,'2024-04-25','0'),(185,'2024-04-27 09:18:26',237,0,1,4,NULL,'INDOGROSIR YOGYAKARTA','97400','lainnya',69,1,0,'2024-04-25','0'),(186,'2024-04-27 09:47:42',238,0,1,4,NULL,'INDOGROSIR YOGYAKARTA','7500','lainnya',70,1,0,'2024-04-25','0'),(187,'2024-04-27 09:47:42',239,0,1,4,NULL,'INDOGROSIR YOGYAKARTA','7500','lainnya',70,1,0,'2024-04-25','0'),(188,'2024-04-27 09:47:42',240,0,1,4,NULL,'INDOGROSIR YOGYAKARTA','7500','lainnya',70,1,0,'2024-04-25','0'),(189,'2024-04-27 09:47:42',241,0,1,4,NULL,'INDOGROSIR YOGYAKARTA','9300','lainnya',70,1,0,'2024-04-25','0'),(190,'2024-04-27 09:49:23',38,121,123,4,NULL,'INDOGROSIR YOGYAKARTA','17500','pcs',71,1,0,'2024-04-25','0'),(191,'2024-04-27 09:58:50',234,0,1,4,NULL,'INDOGROSIR YOGYAKARTA','104400','lainnya',72,1,0,'2024-04-25','0'),(192,'2024-04-27 09:58:50',242,0,1,4,NULL,'INDOGROSIR YOGYAKARTA','19900','lainnya',72,1,0,'2024-04-25','0'),(193,'2024-04-27 12:47:22',223,0,1,4,NULL,'PT PURBALAKSANA JAYA MANDIRI','169000','lainnya',73,1,0,'2024-04-14','0'),(194,'2024-04-27 13:56:44',272,0,5,17,NULL,'tanpa nama','7500','pcs',75,1,0,'2024-04-27','105500'),(195,'2024-04-27 13:56:44',164,13,21,17,NULL,'tanpa nama','8500','pcs',75,1,0,'2024-04-27','105500'),(196,'2024-04-27 14:10:46',273,0,2,4,NULL,'PT PURBALAKSANA JAYA MANDIRI','221500','karung',74,1,0,'2024-04-27','0'),(197,'2024-04-27 14:43:36',274,0,2,4,NULL,'PT GOEDANG GROSIR BERDIKARI','285000','karung',76,1,0,'2024-04-27','0'),(198,'2024-04-27 14:52:32',275,0,1,4,NULL,'MANNA KAMPUS','21974','pcs',77,1,0,'2024-04-27','0'),(199,'2024-04-27 14:52:32',184,18,78,4,NULL,'MANNA KAMPUS','32250','pcs',77,1,0,'2024-04-27','0'),(200,'2024-04-27 14:52:32',276,0,1,4,NULL,'MANNA KAMPUS','14100','pcs',77,1,0,'2024-04-27','0'),(201,'2024-04-27 14:54:40',277,0,4,4,NULL,'CV MEKAR MULIA ABADI','61000','pcs',78,1,0,'2024-04-26','0'),(202,'2024-04-27 15:00:02',64,168,169,4,NULL,'CV MEKAR MULIA ABADI','168000','lainnya',79,1,0,'2024-04-26','0'),(203,'2024-04-27 15:02:37',278,0,1,4,NULL,'PT GOEDANG GROSIR BERDIKARI','823000','lainnya',80,1,0,'2024-04-27','0'),(204,'2024-04-27 15:26:02',279,0,5,4,NULL,'PT GOEDANG GROSIR BERDIKARI','823000','karung',81,1,0,'2024-04-27','0'),(205,'2024-04-29 13:49:51',282,0,20,4,NULL,'CV MEKAR MULIA ABADI','145500','lainnya',83,1,0,'2024-04-26','0'),(206,'2024-04-29 13:49:51',24,29,30,4,NULL,'CV MEKAR MULIA ABADI','414000','lainnya',83,1,0,'2024-04-26','0'),(207,'2024-04-30 09:23:50',285,0,3,4,NULL,'tanpanama','161000','kardus',84,1,0,'2024-04-29','0'),(208,'2024-04-30 09:30:18',53,36,386,4,NULL,'CV PERMATA KELUARGA MANDIRI','166000','lainnya',85,1,0,'2024-04-21','0'),(209,'2024-04-30 09:36:36',286,0,1,4,NULL,'CV MEKAR MULIA ABADI','10000','pcs',86,1,0,'2024-04-29','0'),(210,'2024-04-30 09:36:36',282,0,1,4,NULL,'CV MEKAR MULIA ABADI','3450','pcs',86,1,0,'2024-04-29','0'),(211,'2024-04-30 09:36:36',287,0,4,4,NULL,'CV MEKAR MULIA ABADI','151000','bal',86,1,0,'2024-04-29','0'),(212,'2024-04-30 09:36:36',277,0,16,4,NULL,'CV MEKAR MULIA ABADI','61000','pcs',86,1,0,'2024-04-29','0'),(213,'2024-04-30 09:41:32',225,0,1,4,NULL,'PT GOEDANG GROSIR BERDIKARI','106000','lainnya',87,1,0,'2024-04-26','0'),(214,'2024-04-30 10:31:23',187,12,26,4,NULL,'GROSIR AMANAH','183000','lainnya',88,1,0,'2024-04-29','0'),(215,'2024-04-30 10:35:02',288,0,9,4,NULL,'DM BARU 7','6800','pcs',89,1,0,'2024-04-16','0'),(216,'2024-04-30 10:35:02',289,0,59,4,NULL,'DM BARU 7','9300','pcs',89,1,0,'2024-04-16','0'),(217,'2024-04-30 10:36:33',187,12,132,4,NULL,'PASARINDO FRESH','15500','pcs',90,1,0,'2024-04-17','0'),(218,'2024-04-30 10:39:41',290,0,3,4,NULL,'SA GROSIR','8000','kg',91,1,0,'2024-04-30','0'),(219,'2024-04-30 10:39:41',59,40,60,4,NULL,'SA GROSIR','6500','pcs',91,1,0,'2024-04-30','0'),(220,'2024-05-01 09:23:20',294,0,25,4,NULL,'GROSIR BERAS UMI','11500','kg',93,1,0,'2024-04-30','0'),(221,'2024-05-01 09:23:20',295,0,25,4,NULL,'GROSIR BERAS UMI','11800','kg',93,1,0,'2024-04-30','0'),(222,'2024-05-01 09:26:46',296,0,50,4,NULL,'GROSIR BERAS UMI','14300','kg',94,1,0,'2024-04-30','0'),(223,'2024-05-01 10:03:46',297,0,5,17,NULL,'mili distribusi','216000','lainnya',92,1,0,'2024-04-30','1080000'),(224,'2024-05-02 08:25:23',193,0,2,4,NULL,'CV MEKAR MULIA ABADI','201900','lainnya',95,1,0,'2024-05-01','0'),(225,'2024-05-02 08:27:43',298,0,5,4,NULL,'CV MEKAR MULIA ABADI','835000','karung',96,1,0,'2024-05-01','0'),(226,'2024-05-02 10:36:51',278,0,1,4,NULL,'PT GOEDANG GROSIR BERDIKARI','818000','karung',97,1,0,'2024-05-01','0'),(227,'2024-05-02 10:36:51',299,0,5,4,NULL,'PT GOEDANG GROSIR BERDIKARI','818000','karung',97,1,0,'2024-05-01','0'),(228,'2024-05-02 10:39:10',278,0,1,4,NULL,'PT GOEDANG GROSIR BERDIKARI','818000','karung',98,1,0,'2024-05-01','0'),(229,'2024-05-02 10:39:10',299,0,5,4,NULL,'PT GOEDANG GROSIR BERDIKARI','818000','karung',98,1,0,'2024-05-01','0'),(230,'2024-05-02 10:41:33',285,0,1,4,NULL,'PT GOEDANG GROSIR BERDIKARI','150000','lainnya',99,1,0,'2024-05-01','0'),(231,'2024-05-02 10:41:33',285,0,1,4,NULL,'PT GOEDANG GROSIR BERDIKARI','150000','lainnya',99,1,0,'2024-05-01','0'),(232,'2024-05-02 10:41:33',285,0,2,4,NULL,'PT GOEDANG GROSIR BERDIKARI','150000','lainnya',99,1,0,'2024-05-01','0'),(233,'2024-05-02 11:10:45',217,0,1,4,NULL,'PT PURBALAKSANA JAYA MANDIRI','316500','lainnya',100,1,0,'2024-05-02','0'),(234,'2024-05-03 08:24:58',193,0,25,4,NULL,'TIGA PUTRA JAYA','200000','lainnya',101,1,0,'2024-05-01','0'),(235,'2024-05-03 08:26:54',219,0,2,4,NULL,'DM BARU 7','3250','pcs',102,1,0,'2024-05-02','0'),(236,'2024-05-03 08:34:22',279,0,20,4,NULL,'tanpanama','837500','karung',103,1,0,'2024-05-02','0'),(237,'2024-05-03 08:36:14',217,0,1,4,NULL,'PT PURBALAKSANA JAYA MANDIRI','316500','lainnya',104,1,0,'2024-05-02','0'),(238,'2024-05-03 08:37:36',278,0,5,4,NULL,'PT LESTARI BERKAH SEJATI','820000','karung',105,1,0,'2024-05-02','0'),(239,'2024-05-04 06:19:46',44,5,6,17,NULL,'mulia toserba','25750','pcs',106,1,0,'2024-04-03','65750'),(240,'2024-05-04 06:19:46',315,0,1,17,NULL,'mulia toserba','11750','pcs',106,1,0,'2024-04-03','65750'),(241,'2024-05-04 06:19:46',316,0,1,17,NULL,'mulia toserba','7950','pcs',106,1,0,'2024-04-03','65750'),(242,'2024-05-04 06:19:46',198,0,1,17,NULL,'mulia toserba','2800','pcs',106,1,0,'2024-04-03','65750'),(243,'2024-05-04 06:19:46',317,0,1,17,NULL,'mulia toserba','3250','pcs',106,1,0,'2024-04-03','65750'),(244,'2024-05-04 06:19:46',318,0,1,17,NULL,'mulia toserba','2850','pcs',106,1,0,'2024-04-03','65750'),(245,'2024-05-04 06:19:46',319,0,1,17,NULL,'mulia toserba','8450','pcs',106,1,0,'2024-04-03','65750'),(246,'2024-05-04 06:19:46',280,0,1,17,NULL,'mulia toserba','2950','pcs',106,1,0,'2024-04-03','65750'),(247,'2024-05-04 08:27:39',224,0,2,4,NULL,'CV MEKAR MULIA ABADI','277000','bal',107,1,0,'2024-05-03','0'),(248,'2024-05-04 08:27:39',198,0,3,4,NULL,'CV MEKAR MULIA ABADI','105900','kardus',107,1,0,'2024-05-03','0'),(249,'2024-05-04 08:27:39',320,0,3,4,NULL,'CV MEKAR MULIA ABADI','78000','lainnya',107,1,0,'2024-05-03','0'),(250,'2024-05-04 08:27:39',320,0,7,4,NULL,'CV MEKAR MULIA ABADI','1800','pcs',107,1,0,'2024-05-03','0'),(251,'2024-05-06 08:10:00',181,20,21,4,NULL,'PT PURBALAKSANA JAYA MANDIRI','132500','lainnya',108,1,0,'2024-05-05','0'),(252,'2024-05-07 11:06:27',181,20,22,4,NULL,'PT PURBALAKSANA JAYA MANDIRI','132500','lainnya',109,1,0,'2024-05-06','0'),(253,'2024-05-07 14:54:52',324,0,1,4,NULL,'AL EL GUDANG SEMBAKO','86000','kardus',110,1,0,'2024-05-06','0'),(254,'2024-05-07 14:54:52',325,0,1,4,NULL,'AL EL GUDANG SEMBAKO','69000','kardus',110,1,0,'2024-05-06','0'),(255,'2024-05-07 14:54:52',326,0,5,4,NULL,'AL EL GUDANG SEMBAKO','15200','pcs',110,1,0,'2024-05-06','0'),(256,'2024-05-07 14:54:52',327,0,1,4,NULL,'AL EL GUDANG SEMBAKO','65000','lainnya',110,1,0,'2024-05-06','0'),(257,'2024-05-07 15:29:16',224,0,1,4,NULL,'tanpanama','274000','bal',111,1,0,'2024-05-07','0'),(258,'2024-05-07 15:29:16',328,0,1,4,NULL,'tanpanama','274000','bal',111,1,0,'2024-05-07','0'),(259,'2024-05-07 15:29:16',329,0,1,4,NULL,'tanpanama','315000','bal',111,1,0,'2024-05-07','0'),(260,'2024-05-07 15:29:16',330,0,1,4,NULL,'tanpanama','320000','bal',111,1,0,'2024-05-07','0'),(261,'2024-05-08 09:11:09',331,0,1,4,NULL,'GROSIR BERAS UMI','13000','kg',112,1,0,'2024-05-07','0'),(262,'2024-05-08 09:11:09',332,0,1,4,NULL,'GROSIR BERAS UMI','11700','kg',112,1,0,'2024-05-07','0'),(263,'2024-05-08 09:11:09',333,0,1,4,NULL,'GROSIR BERAS UMI','13000','kg',112,1,0,'2024-05-07','0'),(264,'2024-05-08 09:11:09',334,0,1,4,NULL,'GROSIR BERAS UMI','13600','kg',112,1,0,'2024-05-07','0'),(265,'2024-05-08 09:11:09',296,0,1,4,NULL,'GROSIR BERAS UMI','14000','kg',112,1,0,'2024-05-07','0'),(266,'2024-05-08 09:11:09',335,0,1,4,NULL,'GROSIR BERAS UMI','11000','kg',112,1,0,'2024-05-07','0'),(267,'2024-05-08 15:29:39',58,13,15,4,NULL,'PT GOEDANG GROSIR BERDIKARI','104000','kardus',113,1,0,'2024-05-08','0'),(268,'2024-05-09 08:22:04',332,0,50,4,NULL,'GROSIR BERAS UMI','11700','kg',114,1,0,'2024-05-07','0'),(269,'2024-05-09 08:23:31',299,0,5,4,NULL,'PT GOEDANG GROSIR BERDIKARI','800000','karung',115,1,0,'2024-05-09','0'),(270,'2024-05-09 08:25:27',299,0,5,4,NULL,'PT GOEDANG GROSIR BERDIKARI','800000','karung',116,1,0,'2024-05-09','0'),(271,'2024-05-09 08:26:33',299,0,2,4,NULL,'PT GOEDANG GROSIR BERDIKARI','800000','karung',117,1,0,'2024-05-09','0'),(272,'2024-05-09 09:37:54',53,36,37,4,NULL,'CV Mekar Mulia Abadi','165000','lainnya',118,1,0,'2024-05-09','0'),(273,'2024-05-09 09:39:28',280,0,6,4,NULL,'CV Mekar Mulia Abadi ','109100','kardus',119,1,0,'2024-05-09','0'),(274,'2024-05-10 15:30:37',65,21,23,4,NULL,'PT Purbalaksana Jaya Abadi','127500','kardus',120,1,0,'2024-05-09','0'),(275,'2024-05-10 15:32:55',278,0,3,4,NULL,'PT Purbalaksana Jaya Abadi','800000','karung',121,1,0,'2024-05-09','0'),(276,'2024-05-10 15:32:55',329,0,2,4,NULL,'PT Purbalaksana Jaya Abadi','316500','bal',121,1,0,'2024-05-09','0'),(277,'2024-05-10 15:32:55',273,0,2,4,NULL,'PT Purbalaksana Jaya Abadi','221000','karung',121,1,0,'2024-05-09','0'),(278,'2024-05-11 09:11:54',38,121,141,4,NULL,'PT Goedang Grosir Berdikari','17750','pcs',122,1,1,'2024-05-11','0'),(279,'2024-05-11 13:15:28',58,13,33,4,NULL,'PT Goedang Grosir Berdikari','104000','kardus',123,1,0,'2024-05-11','0'),(280,'2024-05-11 13:15:28',225,0,5,4,NULL,'PT Goedang Grosir Berdikari','105000','lainnya',123,1,0,'2024-05-11','0'),(281,'2024-05-11 13:15:28',338,0,2,4,NULL,'PT Goedang Grosir Berdikari','176000','karung',123,1,0,'2024-05-11','0'),(282,'2024-05-11 13:15:28',273,0,1,4,NULL,'PT Goedang Grosir Berdikari','221000','karung',123,1,0,'2024-05-11','0'),(283,'2024-05-11 13:15:28',339,0,1,4,NULL,'PT Goedang Grosir Berdikari','214000','karung',123,1,0,'2024-05-11','0'),(284,'2024-05-11 13:15:28',63,27,28,4,NULL,'PT Goedang Grosir Berdikari','128000','kardus',123,1,0,'2024-05-11','0'),(285,'2024-05-11 13:15:28',278,0,1,4,NULL,'PT Goedang Grosir Berdikari','795000','karung',123,1,0,'2024-05-11','0'),(286,'2024-05-11 13:19:31',38,141,191,4,NULL,'PT Goedang Grosir Berdikari','355000','karung',124,1,0,'2024-05-11','0'),(287,'2024-05-11 13:24:41',123,1,2,4,NULL,'Manna Kampus','8760','pcs',125,1,0,'2024-05-10','0'),(288,'2024-05-11 13:24:41',152,0,3,4,NULL,'Manna Kampus','59500','pcs',125,1,0,'2024-05-10','0'),(289,'2024-05-13 08:17:19',208,0,5,4,NULL,'CV Mekar Mulia Abadi ','104150','kardus',126,1,0,'2024-05-11','0'),(290,'2024-05-13 08:17:19',280,0,5,4,NULL,'CV Mekar Mulia Abadi ','109100','kardus',126,1,0,'2024-05-11','0'),(291,'2024-05-13 08:17:19',209,0,1,4,NULL,'CV Mekar Mulia Abadi ','104150','kardus',126,1,0,'2024-05-11','0'),(292,'2024-05-13 08:17:19',38,141,146,4,NULL,'CV Mekar Mulia Abadi ','355000','lainnya',126,1,0,'2024-05-11','0'),(293,'2024-05-14 10:38:36',292,0,100,4,NULL,'tanpanama','2500','lainnya',127,1,0,'2024-05-13','0'),(294,'2024-05-14 10:42:18',70,102,122,4,NULL,'DM BARU 7','6500','pcs',128,1,0,'2024-05-14','0'),(295,'2024-05-14 10:43:21',341,0,5,4,NULL,'TOKO ANEKA','9500','pcs',129,1,0,'2024-05-14','0'),(296,'2024-05-14 10:44:58',219,0,1,4,NULL,'Manna Kampus','6365','pcs',130,1,0,'2024-05-14','0'),(297,'2024-05-17 10:02:15',345,0,20,4,NULL,'tanpanama','6500','lainnya',131,1,0,'2024-05-15','0'),(298,'2024-05-17 10:02:15',346,0,1,4,NULL,'tanpanama','75000','lainnya',131,1,0,'2024-05-15','0'),(299,'2024-05-17 10:02:15',347,0,1,4,NULL,'tanpanama','12000','lainnya',131,1,0,'2024-05-15','0'),(300,'2024-05-17 10:12:47',331,0,1,4,NULL,'Grosir Beras Umi','13000','kg',132,1,0,'2024-05-15','0'),(301,'2024-05-17 10:12:47',332,0,1,4,NULL,'Grosir Beras Umi','11700','kg',132,1,0,'2024-05-15','0'),(302,'2024-05-17 10:12:47',333,0,1,4,NULL,'Grosir Beras Umi','13000','kg',132,1,0,'2024-05-15','0'),(303,'2024-05-17 10:12:47',334,0,1,4,NULL,'Grosir Beras Umi','13600','kg',132,1,0,'2024-05-15','0'),(304,'2024-05-17 10:12:47',296,0,1,4,NULL,'Grosir Beras Umi','14000','kg',132,1,0,'2024-05-15','0'),(305,'2024-05-17 10:12:47',335,0,1,4,NULL,'Grosir Beras Umi','11000','kg',132,1,0,'2024-05-15','0'),(306,'2024-05-17 10:14:10',296,0,25,4,NULL,'Grosir Beras Umi','14000','kg',133,1,0,'2024-05-15','0'),(307,'2024-05-25 08:17:13',351,0,3,4,NULL,'PT Goedang Grosir Berdikari','770000','karung',134,1,0,'2024-05-24','0'),(308,'2024-05-25 08:20:24',50,1200,1201,4,NULL,'PT Goedang Grosir Berdikari','197000','kardus',135,1,0,'2024-05-24','0'),(309,'2024-05-25 08:21:43',351,0,1,4,NULL,'PT Goedang Grosir Berdikari','770000','karung',136,1,0,'2024-05-24','0'),(310,'2024-05-25 08:22:19',351,0,5,4,NULL,'PT Goedang Grosir Berdikari','770000','karung',137,1,0,'2024-05-24','0'),(311,'2024-05-27 08:09:36',61,36,86,4,NULL,'CV Mekar Mulia Abadi','194500','kardus',138,1,0,'2024-05-25','0'),(312,'2024-05-27 08:09:36',24,29,31,4,NULL,'CV Mekar Mulia Abadi','414000','lainnya',138,1,0,'2024-05-25','0'),(313,'2024-05-27 08:09:36',24,29,31,4,NULL,'CV Mekar Mulia Abadi','17500','pcs',138,1,0,'2024-05-25','0'),(314,'2024-05-27 09:21:56',352,0,20,4,NULL,'CV Mata Roda','34400','lainnya',139,1,0,'2024-05-25','0'),(315,'2024-05-28 10:22:02',353,0,4,4,NULL,'Bos Beras Jogja','290000','karung',140,1,0,'2024-05-25','0'),(316,'2024-05-28 10:22:02',354,0,4,4,NULL,'Bos Beras Jogja','277500','karung',140,1,0,'2024-05-25','0'),(317,'2024-05-28 10:22:02',355,0,6,4,NULL,'Bos Beras Jogja','137500','lainnya',140,1,0,'2024-05-25','0'),(318,'2024-05-28 10:24:03',330,0,1,4,NULL,'Toko Aneka','33000','lainnya',141,1,0,'2024-04-26','0'),(319,'2024-05-28 15:08:19',64,168,173,4,NULL,'Bos Beras Jogja','176000','lainnya',142,1,0,'2024-05-16','0'),(320,'2024-05-28 15:08:19',356,0,4,4,NULL,'Bos Beras Jogja','340000','karung',142,1,0,'2024-05-16','0'),(321,'2024-05-28 15:08:20',357,0,6,4,NULL,'Bos Beras Jogja','137500','lainnya',142,1,0,'2024-05-16','0'),(322,'2024-05-28 15:35:54',61,36,86,4,NULL,'CV Mekar Mulia Abadi','194500','lainnya',143,1,0,'2024-05-25','0'),(323,'2024-05-28 15:35:54',24,29,31,4,NULL,'CV Mekar Mulia Abadi','414000','lainnya',143,1,0,'2024-05-25','0'),(324,'2024-05-28 15:35:54',24,29,31,4,NULL,'CV Mekar Mulia Abadi','17500','pcs',143,1,0,'2024-05-25','0'),(325,'2024-05-28 15:47:47',358,0,1050,4,NULL,'TOKO ANEKA','565','pcs',144,1,0,'2024-05-25','0'),(326,'2024-05-28 15:50:28',359,0,141,4,NULL,'Manna Kampus','5980','lainnya',145,1,0,'2024-05-25','0'),(327,'2024-05-29 08:18:55',278,0,1,4,NULL,'PT Purbalaksana Jaya Mandiri','775000','karung',146,1,0,'2024-05-25','0'),(328,'2024-05-29 08:20:11',278,0,1,4,NULL,'PT Purbalaksana Jaya Mandiri','769500','karung',147,1,0,'2024-05-28','0');
/*!40000 ALTER TABLE `log_stock` ENABLE KEYS */;
UNLOCK TABLES;

--
-- Table structure for table `log_stock_temp`
--

DROP TABLE IF EXISTS `log_stock_temp`;
/*!40101 SET @saved_cs_client     = @@character_set_client */;
/*!40101 SET character_set_client = utf8 */;
CREATE TABLE `log_stock_temp` (
  `id` int(11) NOT NULL AUTO_INCREMENT,
  `user_id` int(11) NOT NULL,
  `id_produk` int(11) NOT NULL,
  `vendor` varchar(255) NOT NULL,
  `quantity` int(11) NOT NULL,
  `harga` varchar(255) NOT NULL,
  `unit` varchar(255) NOT NULL,
  `id_cover` int(11) NOT NULL,
  `tanggal_beli` date DEFAULT NULL,
  `totalAsliNota` varchar(255) NOT NULL,
  PRIMARY KEY (`id`)
) ENGINE=InnoDB AUTO_INCREMENT=25 DEFAULT CHARSET=latin1;
/*!40101 SET character_set_client = @saved_cs_client */;

--
-- Dumping data for table `log_stock_temp`
--

LOCK TABLES `log_stock_temp` WRITE;
/*!40000 ALTER TABLE `log_stock_temp` DISABLE KEYS */;
INSERT INTO `log_stock_temp` VALUES (21,5,320,'aa',5,'5000','pcs',82,'2024-05-04','6666'),(24,4,361,'tanpanama',4,'277500','karung',148,'2024-05-25','0');
/*!40000 ALTER TABLE `log_stock_temp` ENABLE KEYS */;
UNLOCK TABLES;

--
-- Table structure for table `pesanan`
--

DROP TABLE IF EXISTS `pesanan`;
/*!40101 SET @saved_cs_client     = @@character_set_client */;
/*!40101 SET character_set_client = utf8 */;
CREATE TABLE `pesanan` (
  `id` int(11) NOT NULL AUTO_INCREMENT,
  `customer_id` int(11) NOT NULL,
  `user_id` int(11) NOT NULL,
  `created_at` datetime NOT NULL,
  `tanggal_bayar` datetime DEFAULT NULL,
  `tanggal_kirim` datetime DEFAULT NULL,
  `nominal_pesanan` varchar(500) NOT NULL,
  `note` text NOT NULL,
  `level` int(11) NOT NULL DEFAULT '1',
  PRIMARY KEY (`id`)
) ENGINE=InnoDB AUTO_INCREMENT=220 DEFAULT CHARSET=latin1;
/*!40101 SET character_set_client = @saved_cs_client */;

--
-- Dumping data for table `pesanan`
--

LOCK TABLES `pesanan` WRITE;
/*!40000 ALTER TABLE `pesanan` DISABLE KEYS */;
INSERT INTO `pesanan` VALUES (1,31,4,'2024-03-29 13:04:31',NULL,NULL,'1044000','',0),(2,4,4,'2024-03-29 13:19:03',NULL,NULL,'2118000','',0),(3,15,4,'2024-03-29 14:13:33',NULL,NULL,'3264000','',0),(4,16,4,'2024-03-29 14:17:34',NULL,NULL,'465000','',0),(5,30,4,'2024-03-29 14:18:25',NULL,NULL,'82500','',0),(6,17,4,'2024-03-29 14:19:18',NULL,NULL,'2040000','',0),(7,32,4,'2024-03-29 14:23:11',NULL,NULL,'1321500','',0),(8,4,4,'2024-03-29 14:32:12',NULL,NULL,'2494000','',0),(9,4,4,'2024-03-29 14:38:24',NULL,NULL,'3175680','',0),(10,33,4,'2024-03-30 08:27:31',NULL,NULL,'688000','',0),(11,34,4,'2024-03-30 08:30:46',NULL,NULL,'997000','',0),(12,35,4,'2024-03-30 08:45:00',NULL,NULL,'194400','',0),(13,10,4,'2024-03-30 08:48:08',NULL,NULL,'680000','',0),(14,11,4,'2024-03-30 08:49:52',NULL,NULL,'1101750','',0),(15,12,4,'2024-03-30 08:54:09',NULL,NULL,'160000','',0),(16,36,4,'2024-03-30 08:57:42',NULL,NULL,'17900','',0),(17,37,4,'2024-03-30 08:59:55',NULL,NULL,'427000','',0),(18,18,4,'2024-03-30 09:03:31',NULL,NULL,'653920','',0),(19,38,4,'2024-03-30 09:05:46',NULL,NULL,'1725000','',0),(20,39,4,'2024-03-30 09:07:36',NULL,NULL,'120000','',0),(21,40,4,'2024-03-30 10:11:14',NULL,NULL,'286000','',0),(22,41,4,'2024-03-30 10:13:44',NULL,NULL,'3825000','',0),(23,42,4,'2024-03-30 10:17:04',NULL,NULL,'850000','',0),(24,43,4,'2024-03-30 10:20:48',NULL,NULL,'1707988','',0),(25,44,4,'2024-03-30 10:23:50',NULL,NULL,'369984','',0),(26,18,4,'2024-03-30 10:25:50',NULL,NULL,'270000','',0),(27,45,4,'2024-03-30 10:33:45',NULL,NULL,'18799248','',0),(28,45,4,'2024-03-30 10:35:37',NULL,NULL,'10200000','',0),(29,5,4,'2024-03-30 10:43:00',NULL,NULL,'2466000','',0),(41,18,4,'2024-03-30 13:30:14',NULL,NULL,'270000','',0),(42,29,4,'2024-03-30 13:44:31',NULL,NULL,'16500','',0),(43,47,4,'2024-03-30 14:03:17',NULL,NULL,'1020000','',0),(44,48,4,'2024-03-30 14:04:48',NULL,NULL,'2040000','',0),(45,49,4,'2024-03-30 14:06:05',NULL,NULL,'530000','',0),(46,50,4,'2024-03-30 14:10:52',NULL,NULL,'369600','',0),(47,51,4,'2024-03-30 14:19:28',NULL,NULL,'199992','',0),(48,30,4,'2024-03-30 14:21:41',NULL,NULL,'14000','',0),(49,52,4,'2024-04-06 13:02:33',NULL,NULL,'600000','',0),(50,53,4,'2024-04-06 13:10:56',NULL,NULL,'1303200','',0),(51,53,4,'2024-04-06 15:05:11',NULL,NULL,'224400','',0),(52,54,4,'2024-04-06 15:06:45',NULL,NULL,'1035000','',0),(53,55,4,'2024-04-06 15:08:22',NULL,NULL,'28000','',0),(54,56,4,'2024-04-06 15:10:16',NULL,NULL,'195996','',0),(55,57,4,'2024-04-08 13:46:18',NULL,NULL,'60000','',0),(56,58,4,'2024-04-08 13:48:16',NULL,NULL,'130000','',0),(57,59,4,'2024-04-08 13:50:26',NULL,NULL,'86600','',0),(58,60,4,'2024-04-19 13:57:07',NULL,NULL,'140000','',0),(59,61,4,'2024-04-19 14:03:02',NULL,NULL,'34400','',0),(60,62,4,'2024-04-20 09:10:15',NULL,NULL,'83000','',0),(61,63,5,'2024-04-27 15:52:53',NULL,NULL,'105500','',0),(63,58,17,'2024-04-08 00:00:00',NULL,NULL,'130000','',0),(64,64,17,'2024-04-18 00:00:00',NULL,NULL,'1787784','',0),(65,59,17,'2024-04-28 16:55:24',NULL,NULL,'86600','',0),(66,61,17,'2024-04-29 04:28:17',NULL,NULL,'34400','',0),(69,63,17,'2024-04-29 05:30:31',NULL,NULL,'18000','',0),(70,52,17,'2024-04-29 05:42:11',NULL,NULL,'12800','',0),(71,65,17,'2024-04-29 07:50:49',NULL,NULL,'839000','',0),(72,66,17,'2024-04-29 07:55:59',NULL,NULL,'168984','',0),(73,67,17,'2024-04-29 08:53:10',NULL,NULL,'844980','',0),(80,31,5,'2024-04-29 13:28:25',NULL,NULL,'1423050','',0),(81,68,17,'2024-04-29 15:50:53',NULL,NULL,'425000','',0),(89,69,5,'2024-04-30 10:02:01',NULL,NULL,'7862250','',0),(90,29,5,'2024-04-30 11:03:35',NULL,NULL,'45000','',0),(91,70,17,'2024-04-26 13:30:28',NULL,NULL,'839000','',0),(92,71,17,'2024-04-29 13:32:10',NULL,NULL,'829000','',0),(93,72,17,'2024-04-28 13:35:19',NULL,NULL,'169008','',0),(94,73,17,'2024-04-29 13:36:55',NULL,NULL,'850000','',0),(95,70,17,'2024-04-26 13:44:40',NULL,NULL,'839000','',0),(96,63,17,'2024-04-24 09:08:14',NULL,NULL,'105500','',0),(97,74,17,'2024-04-30 09:20:18',NULL,NULL,'751996','',0),(98,70,17,'2024-04-30 09:21:06',NULL,NULL,'839000','',0),(99,52,17,'2024-04-27 09:24:36',NULL,NULL,'12800','',0),(100,75,17,'2024-04-30 09:33:05',NULL,NULL,'2914000','',0),(101,61,17,'2024-04-30 09:47:28',NULL,NULL,'25500','',0),(102,61,17,'2024-04-30 10:01:45',NULL,NULL,'41000','',0),(103,76,17,'2024-05-02 10:51:10',NULL,NULL,'128000','',1),(104,29,5,'2024-05-02 15:26:19',NULL,NULL,'60000','',3),(105,77,17,'2024-05-03 14:18:22',NULL,NULL,'1382040','',3),(106,78,17,'2024-05-03 16:34:10',NULL,NULL,'3042144','',3),(107,79,17,'2024-05-03 16:34:57',NULL,NULL,'169008','',3),(108,71,17,'2024-05-06 02:07:08',NULL,NULL,'855000','',3),(109,63,17,'2024-05-06 02:44:39',NULL,NULL,'59000','',3),(110,70,17,'2024-05-07 07:57:50',NULL,NULL,'839000','',3),(111,70,17,'2024-05-07 07:59:47',NULL,NULL,'839000','',3),(112,61,17,'2024-05-07 08:01:02',NULL,NULL,'9000','',3),(113,80,17,'2024-05-07 08:02:34',NULL,NULL,'14800','',3),(115,74,17,'2024-05-07 08:09:23',NULL,NULL,'403992','',3),(118,1,16,'2024-05-07 11:08:09',NULL,NULL,'24000','',1),(119,82,5,'2024-05-10 13:48:14',NULL,NULL,'700000','',3),(120,81,5,'2024-05-10 13:52:20',NULL,NULL,'49000','',3),(121,62,5,'2024-05-10 13:53:24',NULL,NULL,'67500','',3),(123,81,5,'2024-05-10 13:55:33',NULL,NULL,'36900','',3),(124,62,5,'2024-05-10 13:57:21',NULL,NULL,'69000','',3),(125,61,5,'2024-05-10 13:59:02',NULL,NULL,'35000','',3),(126,61,5,'2024-05-10 14:07:17',NULL,NULL,'24250','',3),(127,83,5,'2024-05-10 14:08:37',NULL,NULL,'125000','',3),(128,57,5,'2024-05-10 14:10:28',NULL,NULL,'13995','',3),(129,61,5,'2024-05-10 14:11:17',NULL,NULL,'26000','',3),(130,84,5,'2024-05-10 14:12:48',NULL,NULL,'204000','',3),(131,85,5,'2024-05-10 14:15:10',NULL,NULL,'289000','',3),(132,86,5,'2024-05-10 14:21:23',NULL,NULL,'104666','',3),(133,87,5,'2024-05-10 14:24:11',NULL,NULL,'84250','',3),(134,88,5,'2024-05-10 14:25:32',NULL,NULL,'850000','',3),(135,89,5,'2024-05-10 14:27:21',NULL,NULL,'35000','',3),(136,84,5,'2024-05-10 14:28:26',NULL,NULL,'204000','',3),(137,61,5,'2024-05-10 14:35:51',NULL,NULL,'60800','',3),(138,90,5,'2024-05-10 14:36:54',NULL,NULL,'15300','',3),(139,81,5,'2024-05-10 14:37:35',NULL,NULL,'25000','',3),(140,12,5,'2024-05-10 14:41:15',NULL,NULL,'150000','',3),(149,1,5,'2024-05-11 14:24:13',NULL,NULL,'9000','',1),(150,71,5,'2024-05-13 08:45:10',NULL,NULL,'829000','',3),(151,63,5,'2024-05-13 08:52:44',NULL,NULL,'211600','',3),(152,91,5,'2024-05-13 08:56:32',NULL,NULL,'188000','',3),(153,70,5,'2024-05-13 09:02:08',NULL,NULL,'839000','',3),(154,92,5,'2024-05-13 09:05:39',NULL,NULL,'408016','',3),(155,93,5,'2024-05-13 09:08:48',NULL,NULL,'899516','',3),(156,94,5,'2024-05-13 09:10:59',NULL,NULL,'1250000','',3),(157,86,5,'2024-05-13 09:12:19',NULL,NULL,'5800','',3),(158,95,5,'2024-05-13 09:13:25',NULL,NULL,'208008','',3),(159,96,5,'2024-05-13 09:15:15',NULL,NULL,'108000','',3),(160,70,5,'2024-05-14 10:12:38',NULL,NULL,'839000','',3),(161,66,5,'2024-05-14 10:17:53',NULL,NULL,'278000','',3),(162,97,5,'2024-05-14 10:49:51',NULL,NULL,'1734000','',3),(163,92,5,'2024-05-14 10:52:57',NULL,NULL,'87000','',3),(164,98,5,'2024-05-14 13:09:48',NULL,NULL,'204000','',3),(165,99,5,'2024-05-14 13:21:08',NULL,NULL,'231600','',3),(166,94,5,'2024-05-14 13:24:40',NULL,NULL,'421920','',3),(167,100,5,'2024-05-14 13:28:34',NULL,NULL,'168000','',3),(168,101,5,'2024-05-14 13:30:02',NULL,NULL,'168000','',3),(169,81,5,'2024-05-15 09:03:59',NULL,NULL,'65000','',3),(170,64,5,'2024-05-15 09:14:58',NULL,NULL,'1112000','',3),(171,81,5,'2024-05-15 09:16:52',NULL,NULL,'15000','',3),(172,71,5,'2024-05-15 09:20:51',NULL,NULL,'829000','',3),(173,81,5,'2024-05-15 09:44:23',NULL,NULL,'30000','',3),(174,102,5,'2024-05-15 15:47:37',NULL,NULL,'68000','',3),(175,103,5,'2024-05-15 15:48:55',NULL,NULL,'25000','',3),(176,101,5,'2024-05-17 09:28:54',NULL,NULL,'168000','',3),(177,61,5,'2024-05-17 09:58:24',NULL,NULL,'20900','',3),(178,104,5,'2024-05-17 10:00:25',NULL,NULL,'177600','',3),(179,81,5,'2024-05-17 10:02:34',NULL,NULL,'52500','',3),(180,105,5,'2024-05-17 10:05:47',NULL,NULL,'572500','',3),(181,105,5,'2024-05-17 10:07:34',NULL,NULL,'225400','',3),(182,106,5,'2024-05-17 10:13:13',NULL,NULL,'414000','',3),(183,65,5,'2024-05-17 10:16:48',NULL,NULL,'839000','',3),(184,81,5,'2024-05-17 10:18:49',NULL,NULL,'20000','',3),(185,105,5,'2024-05-17 10:21:36',NULL,NULL,'264600','',3),(186,81,5,'2024-05-18 10:11:35',NULL,NULL,'25000','',3),(187,81,5,'2024-05-18 10:12:32',NULL,NULL,'25000','',3),(188,107,5,'2024-05-18 10:15:04',NULL,NULL,'350016','',3),(189,108,5,'2024-05-18 10:17:14',NULL,NULL,'1644000','',3),(190,52,5,'2024-05-18 10:29:29',NULL,NULL,'27000','',3),(191,109,5,'2024-05-18 10:31:50',NULL,NULL,'387000','',3),(192,74,5,'2024-05-18 10:34:12',NULL,NULL,'419000','',3),(193,70,5,'2024-05-21 11:18:24',NULL,NULL,'839000','',3),(194,81,5,'2024-05-21 11:21:33',NULL,NULL,'37500','',3),(195,86,5,'2024-05-21 11:26:34',NULL,NULL,'98000','',3),(196,110,5,'2024-05-21 11:28:12',NULL,NULL,'350016','',3),(197,111,5,'2024-05-21 11:29:53',NULL,NULL,'25000','',3),(198,112,5,'2024-05-21 11:31:27',NULL,NULL,'111000','',3),(201,113,5,'2024-05-24 15:29:20',NULL,NULL,'829000','',3),(202,74,5,'2024-05-24 15:32:05',NULL,NULL,'488992','',3),(203,66,5,'2024-05-24 15:34:16',NULL,NULL,'319000','',3),(204,114,5,'2024-05-24 15:42:44',NULL,NULL,'1377792','',3),(205,77,5,'2024-05-24 15:46:43',NULL,NULL,'1217976','',3),(206,71,5,'2024-05-24 15:48:27',NULL,NULL,'850000','',3),(207,115,5,'2024-05-24 15:51:39',NULL,NULL,'321960','',3),(208,8,5,'2024-05-24 15:53:36',NULL,NULL,'45000','',3),(209,81,5,'2024-05-24 15:54:17',NULL,NULL,'50000','',3),(210,81,5,'2024-05-24 15:54:55',NULL,NULL,'15000','',3),(211,116,5,'2024-05-27 15:54:10',NULL,NULL,'2030040','',3),(212,111,5,'2024-05-27 15:54:41',NULL,NULL,'37500','',3),(213,117,5,'2024-05-27 15:55:52',NULL,NULL,'359800','',3),(214,117,5,'2024-05-27 15:56:59',NULL,NULL,'719600','',3),(215,81,5,'2024-05-27 15:57:54',NULL,NULL,'53500','',3),(216,61,5,'2024-05-29 08:22:57',NULL,NULL,'58000','',3),(217,118,5,'2024-05-29 08:25:44',NULL,NULL,'359016','',3),(218,77,5,'2024-05-29 08:28:41',NULL,NULL,'207000','',3),(219,96,5,'2024-05-29 08:34:28',NULL,NULL,'244008','',3);
/*!40000 ALTER TABLE `pesanan` ENABLE KEYS */;
UNLOCK TABLES;

--
-- Table structure for table `pesanan_detail`
--

DROP TABLE IF EXISTS `pesanan_detail`;
/*!40101 SET @saved_cs_client     = @@character_set_client */;
/*!40101 SET character_set_client = utf8 */;
CREATE TABLE `pesanan_detail` (
  `id` int(11) NOT NULL AUTO_INCREMENT,
  `produk_id` varchar(11) DEFAULT NULL,
  `pesanan_id` int(11) NOT NULL,
  `harga_jual` varchar(255) NOT NULL,
  `jumlah` varchar(11) NOT NULL COMMENT '(banyaknya pcs barang)',
  `subtotal` varchar(255) DEFAULT NULL COMMENT '(hasil kali harga vs banyaknya)',
  `request` json DEFAULT NULL,
  `komentar` varchar(500) DEFAULT NULL,
  PRIMARY KEY (`id`)
) ENGINE=InnoDB AUTO_INCREMENT=371 DEFAULT CHARSET=latin1;
/*!40101 SET character_set_client = @saved_cs_client */;

--
-- Dumping data for table `pesanan_detail`
--

LOCK TABLES `pesanan_detail` WRITE;
/*!40000 ALTER TABLE `pesanan_detail` DISABLE KEYS */;
INSERT INTO `pesanan_detail` VALUES (1,'25',1,'14500','72',NULL,NULL,NULL),(2,'25',2,'14500','144',NULL,'[[\"1\", \"ongkos kirim\", \"30000\"]]',NULL),(3,'25',3,'14500','120',NULL,'[[\"1\", \"Ongkos antar\", \"30000\"]]',NULL),(4,'49',3,'19400','60',NULL,NULL,NULL),(5,'35',3,'16500','20',NULL,NULL,NULL),(6,'24',4,'16500','15',NULL,NULL,NULL),(7,'25',4,'14500','15',NULL,NULL,NULL),(8,'24',5,'16500','5',NULL,NULL,NULL),(9,'38',6,'17000','120',NULL,NULL,NULL),(10,'42',7,'109000','2',NULL,NULL,NULL),(11,'40',7,'38500','6',NULL,NULL,NULL),(12,'41',7,'38500','3',NULL,NULL,NULL),(13,'43',7,'26000','5',NULL,NULL,NULL),(14,'44',7,'27000','5',NULL,NULL,NULL),(15,'45',7,'29000','5',NULL,NULL,NULL),(16,'46',7,'27000','1',NULL,NULL,NULL),(17,'47',7,'28000','5',NULL,NULL,NULL),(18,'48',7,'36000','5',NULL,NULL,NULL),(19,'50',8,'16200','120',NULL,NULL,NULL),(20,'51',8,'2750','200',NULL,NULL,NULL),(21,'52',9,'15420','204',NULL,'[[\"1\", \"Ongkos kirim\", \"30000\"]]',NULL),(22,'53',10,'14500','24',NULL,NULL,NULL),(23,'38',10,'17000','20',NULL,NULL,NULL),(24,'54',11,'99700','10',NULL,NULL,NULL),(25,'50',12,'16200','12',NULL,NULL,NULL),(26,'55',13,'17000','40',NULL,NULL,NULL),(27,'55',14,'16950','65',NULL,NULL,NULL),(28,'56',15,'8000','20',NULL,NULL,NULL),(29,'35',16,'17900','1',NULL,NULL,NULL),(30,'55',17,'17000','20',NULL,NULL,NULL),(31,'53',17,'14500','6',NULL,NULL,NULL),(32,'55',18,'17000','20',NULL,NULL,NULL),(33,'57',18,'13080','24',NULL,NULL,NULL),(34,'38',19,'17250','100',NULL,NULL,NULL),(35,'58',20,'10000','12',NULL,NULL,NULL),(36,'59',21,'7150','40',NULL,NULL,NULL),(37,'38',22,'17250','220',NULL,'[[\"1\", \"Ongkos antar\", \"30000\"]]',NULL),(38,'35',23,'17000','30',NULL,NULL,NULL),(39,'60',23,'17000','20',NULL,NULL,NULL),(40,'38',24,'17400','60',NULL,NULL,NULL),(41,'61',24,'17333','36',NULL,'[[\"1\", \"Ongkos antar\", \"40000\"]]',NULL),(42,'62',25,'3854','96',NULL,NULL,NULL),(43,'63',26,'11250','24',NULL,NULL,NULL),(44,'50',27,'16666','1128',NULL,NULL,NULL),(45,'55',28,'17000','600',NULL,NULL,NULL),(46,'64',29,'14500','168',NULL,'[[\"1\", \"Ongkos antar\", \"30000\"]]',NULL),(47,'24',30,'16500','1',NULL,NULL,NULL),(58,'63',41,'11250','24',NULL,NULL,NULL),(59,'24',42,'16500','1',NULL,NULL,NULL),(60,'55',43,'17000','60',NULL,NULL,NULL),(61,'55',44,'17000','120',NULL,NULL,NULL),(62,'35',45,'17000','30',NULL,'[[\"1\", \"Ongkos antar\", \"20000\"]]',NULL),(63,'65',46,'12900','12',NULL,NULL,NULL),(64,'66',46,'17900','12',NULL,NULL,NULL),(65,'50',47,'16666','12',NULL,NULL,NULL),(66,'67',48,'14000','1',NULL,NULL,NULL),(67,'35',49,'17000','20',NULL,NULL,NULL),(68,'152',49,'65000','4',NULL,NULL,NULL),(69,'26',50,'18100','72',NULL,NULL,NULL),(70,'153',51,'18700','12',NULL,NULL,NULL),(71,'60',52,'17250','60',NULL,NULL,NULL),(72,'67',53,'14000','2',NULL,NULL,NULL),(73,'50',54,'16333','12',NULL,NULL,NULL),(74,'67',55,'12000','5',NULL,NULL,NULL),(75,'154',56,'35000','2',NULL,NULL,NULL),(76,'67',56,'12000','5',NULL,NULL,NULL),(77,'154',57,'35000','2',NULL,NULL,NULL),(78,'155',57,'16600','1',NULL,NULL,NULL),(79,'67',58,'14000','10',NULL,NULL,NULL),(80,'52',59,'15000','1',NULL,NULL,NULL),(81,'58',59,'8900','1',NULL,NULL,NULL),(82,'164',59,'8500','1',NULL,NULL,NULL),(83,'165',59,'500','4',NULL,NULL,NULL),(84,'58',60,'9000','3',NULL,NULL,NULL),(85,'53',60,'14000','4',NULL,NULL,NULL),(86,'164',61,'8500','8',NULL,NULL,NULL),(87,'272',61,'7500','5',NULL,NULL,NULL),(90,'154',63,'35000','2',NULL,NULL,NULL),(91,'67',63,'14000','5',NULL,'[[\"5\", \"penyesuaian harga\", \"-2000\"]]',NULL),(92,'26',64,'17166','24',NULL,NULL,NULL),(93,'50',64,'16625','24',NULL,NULL,NULL),(94,'187',64,'15600','18',NULL,NULL,NULL),(95,'53',64,'14000','48',NULL,'[[\"48\", \"penyesuaian\", \"500\"]]',NULL),(96,'154',65,'35000','2',NULL,NULL,NULL),(97,'155',65,'16600','1',NULL,NULL,NULL),(98,'52',66,'15000','1',NULL,NULL,NULL),(99,'58',66,'9000','1',NULL,'[[\"1\", \"penyesuaian\", \"-100\"]]',NULL),(100,'164',66,'8500','1',NULL,NULL,NULL),(101,'165',66,'500','4',NULL,NULL,NULL),(105,'58',69,'9000','2',NULL,NULL,NULL),(106,'280',70,'3200','4',NULL,NULL,NULL),(107,'281',71,'839000','1',NULL,NULL,NULL),(108,'53',72,'14500','12',NULL,'[[\"12\", \"diskon\", \"-418\"]]',NULL),(109,'53',73,'14500','60',NULL,'[[\"60\", \"diskon\", \"-417\"]]',NULL),(129,'281',80,'839000','1',NULL,'[[\"4\", \"hhhh\", \"4000\"]]',NULL),(130,'280',80,'2775','6',NULL,'[[\"7\", \"fff\", \"6000\"]]',NULL),(131,'189',80,'16950','12',NULL,NULL,NULL),(132,'272',80,'7500','5',NULL,NULL,NULL),(133,'188',80,'17900','15',NULL,NULL,NULL),(134,'38',81,'17000','25',NULL,NULL,NULL),(154,'156',89,'18900','125',NULL,NULL,NULL),(155,'185',89,'390000','8',NULL,NULL,NULL),(156,'283',89,'17000','8',NULL,NULL,NULL),(157,'284',89,'10000','1',NULL,'[[\"1\", \"++\", \"15000\"]]',NULL),(158,'26',89,'17750','125',NULL,NULL,NULL),(159,'272',90,'7500','6',NULL,NULL,NULL),(160,'279',91,'839000','1',NULL,NULL,NULL),(161,'279',92,'839000','1',NULL,'[[\"1\", \"diskon\", \"-10000\"]]',NULL),(162,'53',93,'14084','12',NULL,NULL,NULL),(163,'164',94,'8500','100',NULL,NULL,NULL),(164,'279',95,'839000','1',NULL,NULL,NULL),(165,'164',96,'8500','8',NULL,NULL,NULL),(166,'272',96,'7500','5',NULL,NULL,NULL),(167,'291',97,'17000','20',NULL,NULL,NULL),(168,'292',97,'4000','10',NULL,NULL,NULL),(169,'50',97,'16625','12',NULL,'[[\"12\", \"penyesuaian\", \"208\"]]',NULL),(170,'293',97,'17000','10',NULL,NULL,NULL),(171,'279',98,'839000','1',NULL,NULL,NULL),(172,'280',99,'3200','4',NULL,NULL,NULL),(173,'64',100,'14750','180',NULL,NULL,NULL),(174,'155',100,'17500','10',NULL,NULL,NULL),(175,'277',100,'64000','1',NULL,NULL,NULL),(176,'284',100,'10000','1',NULL,'[[\"1\", \"penyesuaian\", \"10000\"]]',NULL),(177,'58',101,'9000','2',NULL,NULL,NULL),(178,'59',101,'7500','1',NULL,NULL,NULL),(179,'58',102,'9000','2',NULL,NULL,NULL),(180,'164',102,'8500','1',NULL,NULL,NULL),(181,'25',102,'14500','1',NULL,NULL,NULL),(182,'293',103,'17000','1',NULL,NULL,NULL),(183,'280',103,'2775','40',NULL,NULL,NULL),(184,'313',104,'10000','6',NULL,NULL,NULL),(185,'53',105,'14084','24',NULL,NULL,NULL),(186,'52',105,'15250','24',NULL,NULL,NULL),(187,'193',105,'17000','12',NULL,NULL,NULL),(188,'23',105,'7584','12',NULL,NULL,NULL),(189,'26',105,'17334','12',NULL,NULL,NULL),(190,'218',105,'14584','12',NULL,NULL,NULL),(191,'53',106,'14084','216',NULL,NULL,NULL),(192,'53',107,'14084','12',NULL,NULL,NULL),(193,'279',108,'855000','1',NULL,NULL,NULL),(194,'321',109,'12500','4',NULL,NULL,NULL),(195,'58',109,'9000','1',NULL,NULL,NULL),(196,'299',110,'839000','1',NULL,NULL,NULL),(197,'299',111,'839000','1',NULL,NULL,NULL),(198,'58',112,'9000','1',NULL,NULL,NULL),(199,'25',113,'14800','1',NULL,NULL,NULL),(201,'50',115,'16833','24',NULL,NULL,NULL),(203,'23',118,'8000','3',NULL,NULL,NULL),(204,'60',119,'17500','40',NULL,NULL,NULL),(205,'50',120,'17000','2',NULL,NULL,NULL),(206,'181',120,'7500','2',NULL,NULL,NULL),(207,'223',121,'8000','3',NULL,NULL,NULL),(208,'53',121,'14500','3',NULL,NULL,NULL),(211,'58',123,'8900','1',NULL,NULL,NULL),(212,'53',123,'14000','2',NULL,NULL,NULL),(213,'53',124,'14000','3',NULL,NULL,NULL),(214,'58',124,'9000','3',NULL,NULL,NULL),(215,'58',125,'9000','2',NULL,NULL,NULL),(216,'164',125,'8500','2',NULL,NULL,NULL),(217,'58',126,'9000','1',NULL,NULL,NULL),(218,'52',126,'15250','1',NULL,NULL,NULL),(219,'321',127,'12500','10',NULL,NULL,NULL),(220,'336',128,'933.3333333333334','15',NULL,NULL,NULL),(221,'58',129,'9000','1',NULL,NULL,NULL),(222,'50',129,'17000','1',NULL,NULL,NULL),(223,'293',130,'17000','12',NULL,NULL,NULL),(224,'50',131,'17000','12',NULL,NULL,NULL),(225,'293',131,'17000','5',NULL,NULL,NULL),(226,'50',132,'17000','1',NULL,NULL,NULL),(227,'61',132,'17333','2',NULL,NULL,NULL),(228,'321',132,'12500','2',NULL,NULL,NULL),(229,'111',132,'12000','2',NULL,NULL,NULL),(230,'165',132,'500','8',NULL,NULL,NULL),(231,'50',133,'17000','2',NULL,NULL,NULL),(232,'321',133,'12500','2',NULL,NULL,NULL),(233,'111',133,'10000','1',NULL,NULL,NULL),(234,'52',133,'15250','1',NULL,NULL,NULL),(235,'293',134,'17000','50',NULL,NULL,NULL),(236,'321',135,'12500','2',NULL,NULL,NULL),(237,'111',135,'10000','1',NULL,NULL,NULL),(238,'293',136,'17000','12',NULL,NULL,NULL),(239,'25',137,'14800','1',NULL,NULL,NULL),(240,'337',137,'11000','1',NULL,NULL,NULL),(241,'293',137,'17000','1',NULL,NULL,NULL),(242,'111',137,'10000','1',NULL,NULL,NULL),(243,'223',137,'8000','1',NULL,NULL,NULL),(244,'52',138,'15300','1',NULL,NULL,NULL),(245,'321',139,'12500','2',NULL,NULL,NULL),(246,'56',140,'15000','10',NULL,NULL,NULL),(255,NULL,149,'1800','5',NULL,NULL,'produk aseli'),(256,'299',150,'829000','1',NULL,NULL,NULL),(257,'25',151,'14800','12',NULL,NULL,NULL),(258,'155',151,'17000','2',NULL,NULL,NULL),(259,'38',152,'18800','10',NULL,NULL,NULL),(260,'299',153,'839000','1',NULL,NULL,NULL),(261,'53',154,'14084','24',NULL,NULL,NULL),(262,'58',154,'9500','2',NULL,NULL,NULL),(263,'293',154,'17000','3',NULL,NULL,NULL),(264,'53',155,'14084','24',NULL,NULL,NULL),(265,'50',155,'17000','12',NULL,NULL,NULL),(266,'58',155,'9500','19',NULL,NULL,NULL),(267,'64',155,'14750','12',NULL,NULL,NULL),(268,'332',156,'12500','100',NULL,NULL,NULL),(269,'340',157,'2900','2',NULL,NULL,NULL),(270,'26',158,'17334','12',NULL,NULL,NULL),(271,'225',159,'9000','12',NULL,NULL,NULL),(272,'299',160,'839000','1',NULL,NULL,NULL),(273,'280',161,'2750','40',NULL,NULL,NULL),(274,'53',161,'14000','12',NULL,NULL,NULL),(275,NULL,162,'260000','6',NULL,NULL,'minyak curah 18 liter'),(276,NULL,162,'29000','6',NULL,NULL,'dirigen'),(277,NULL,163,'17000','4',NULL,NULL,'gula repack'),(278,'58',163,'9500','2',NULL,NULL,NULL),(279,'293',164,'17000','12',NULL,NULL,NULL),(280,'223',165,'8000','6',NULL,NULL,NULL),(281,'52',165,'15300','12',NULL,NULL,NULL),(282,'208',166,'2637','160',NULL,NULL,NULL),(283,'53',167,'14000','12',NULL,NULL,NULL),(284,'53',168,'14000','12',NULL,NULL,NULL),(285,'321',169,'12500','4',NULL,NULL,NULL),(286,'181',169,'7500','2',NULL,NULL,NULL),(287,NULL,170,'29166.666666667','12',NULL,NULL,'miki 2 liter'),(288,'342',170,'14750','24',NULL,NULL,NULL),(289,'193',170,'17000','24',NULL,NULL,NULL),(290,'342',171,'15000','1',NULL,NULL,NULL),(291,'343',172,'829000','1',NULL,NULL,NULL),(292,'342',173,'15000','1',NULL,NULL,NULL),(293,'181',173,'7500','2',NULL,NULL,NULL),(294,'155',174,'17000','4',NULL,NULL,NULL),(295,'321',175,'12500','2',NULL,NULL,NULL),(296,'53',176,'14000','12',NULL,NULL,NULL),(297,'58',177,'9500','1',NULL,NULL,NULL),(298,'164',177,'8500','1',NULL,NULL,NULL),(299,'344',177,'2900','1',NULL,NULL,NULL),(300,'25',178,'14800','12',NULL,NULL,NULL),(301,'321',179,'12500','3',NULL,NULL,NULL),(302,'181',179,'7500','2',NULL,NULL,NULL),(303,'23',180,'7500','48',NULL,NULL,NULL),(304,'348',180,'4250','50',NULL,NULL,NULL),(305,'190',181,'9800','23',NULL,NULL,NULL),(306,NULL,182,'15000','1',NULL,NULL,'ongkir'),(307,'184',182,'16625','24',NULL,NULL,NULL),(308,'343',183,'839000','1',NULL,NULL,NULL),(309,'321',184,'12500','1',NULL,NULL,NULL),(310,'181',184,'7500','1',NULL,NULL,NULL),(311,'190',185,'9800','27',NULL,NULL,NULL),(312,'321',186,'12500','2',NULL,NULL,NULL),(313,'321',187,'12500','2',NULL,NULL,NULL),(314,'218',188,'14584','24',NULL,NULL,NULL),(315,'278',189,'822000','2',NULL,NULL,NULL),(316,'58',190,'9500','1',NULL,NULL,NULL),(317,'181',190,'7500','1',NULL,NULL,NULL),(318,'297',190,'5000','2',NULL,NULL,NULL),(319,'339',191,'219000','1',NULL,NULL,NULL),(320,'53',191,'14000','12',NULL,NULL,NULL),(321,'155',192,'17000','10',NULL,NULL,NULL),(322,'178',192,'9800','5',NULL,NULL,NULL),(323,'198',192,'3000','10',NULL,NULL,NULL),(324,'291',192,'17000','10',NULL,NULL,NULL),(325,'299',193,'839000','1',NULL,NULL,NULL),(326,'321',194,'12500','3',NULL,NULL,NULL),(327,'155',195,'17000','4',NULL,NULL,NULL),(328,'344',195,'3000','10',NULL,NULL,NULL),(329,'218',196,'14584','24',NULL,NULL,NULL),(330,'321',197,'12500','2',NULL,NULL,NULL),(331,'280',198,'2775','40',NULL,NULL,NULL),(334,'38',201,'16580','50',NULL,NULL,NULL),(335,'50',202,'16833','24',NULL,NULL,NULL),(336,'155',202,'17000','5',NULL,NULL,NULL),(337,'291',203,'15100','10',NULL,NULL,NULL),(338,'53',203,'14000','12',NULL,NULL,NULL),(339,'296',204,'15000','50',NULL,NULL,NULL),(340,'273',204,'228000','1',NULL,NULL,NULL),(341,'184',204,'16658','24',NULL,NULL,NULL),(342,'349',205,'14583','72',NULL,NULL,NULL),(343,'350',205,'14000','12',NULL,NULL,NULL),(344,'343',206,'850000','1',NULL,NULL,NULL),(345,'208',207,'2637','40',NULL,NULL,NULL),(346,'209',207,'2637','40',NULL,NULL,NULL),(347,'280',207,'2775','40',NULL,NULL,NULL),(348,'58',208,'9500','2',NULL,NULL,NULL),(349,'350',208,'14500','1',NULL,NULL,NULL),(350,'164',208,'8500','1',NULL,NULL,NULL),(351,'344',208,'3000','1',NULL,NULL,NULL),(352,'321',209,'12500','4',NULL,NULL,NULL),(353,'181',210,'7500','2',NULL,NULL,NULL),(354,NULL,211,'24000','1',NULL,NULL,'ongkir'),(355,'50',211,'16917','120',NULL,NULL,NULL),(356,'321',212,'12500','3',NULL,NULL,NULL),(357,'38',213,'17990','20',NULL,NULL,NULL),(358,'38',214,'17990','40',NULL,NULL,NULL),(359,'321',215,'12500','4',NULL,NULL,NULL),(360,'292',215,'3500','1',NULL,NULL,NULL),(361,'58',216,'9500','2',NULL,NULL,NULL),(362,'342',216,'15000','1',NULL,NULL,NULL),(363,'164',216,'8500','1',NULL,NULL,NULL),(364,'344',216,'3000','1',NULL,NULL,NULL),(365,'321',216,'12500','1',NULL,NULL,NULL),(366,NULL,217,'15000','1',NULL,NULL,'ongkir'),(367,'53',217,'14334','24',NULL,NULL,NULL),(368,'360',218,'6900','30',NULL,NULL,NULL),(369,'50',219,'16834','12',NULL,NULL,NULL),(370,'181',219,'14000','3',NULL,NULL,NULL);
/*!40000 ALTER TABLE `pesanan_detail` ENABLE KEYS */;
UNLOCK TABLES;

--
-- Table structure for table `produk`
--

DROP TABLE IF EXISTS `produk`;
/*!40101 SET @saved_cs_client     = @@character_set_client */;
/*!40101 SET character_set_client = utf8 */;
CREATE TABLE `produk` (
  `id` int(11) NOT NULL AUTO_INCREMENT,
  `nama` varchar(500) NOT NULL,
  `harga_jual` json NOT NULL,
  `harga_jual_created_at` datetime NOT NULL,
  `harga_beli` varchar(255) NOT NULL DEFAULT '0',
  `harga_beli_created_at` datetime NOT NULL,
  `created_at` datetime NOT NULL,
  `is_active` int(11) NOT NULL DEFAULT '1',
  `dimensi` varchar(255) NOT NULL,
  `berat` varchar(255) NOT NULL,
  `stock` varchar(11) DEFAULT '0',
  `kategori` varchar(255) DEFAULT NULL,
  `id_barcode` varchar(255) DEFAULT NULL,
  PRIMARY KEY (`id`)
) ENGINE=InnoDB AUTO_INCREMENT=362 DEFAULT CHARSET=latin1;
/*!40101 SET character_set_client = @saved_cs_client */;

--
-- Dumping data for table `produk`
--

LOCK TABLES `produk` WRITE;
/*!40000 ALTER TABLE `produk` DISABLE KEYS */;
INSERT INTO `produk` VALUES (1,'minyak goreng tawon 1 liter poach','[{\"harga\": \"5000\", \"jumlah\": \"1\"}, {\"harga\": \"5000\", \"jumlah\": \"5\"}, {\"harga\": \"15000\", \"jumlah\": \"7\"}]','2024-01-27 15:31:11','1000','2024-01-27 15:31:11','2024-01-27 15:31:11',0,'8x12x5','12','13559','minyak',NULL),(3,'minyak goreng bimoli 1liter poach','[{\"harga\": \"15000\", \"jumlah\": \"1\"}]','2024-02-12 10:57:08','1000','2024-02-12 10:57:08','2024-01-27 15:33:45',0,'12','1','1','minyak',NULL),(4,'minyak goreng minyak kita 1liter poach','[{\"harga\": \"15000\", \"jumlah\": \"1\"}]','2024-01-27 15:34:02','1000','2024-01-27 15:34:02','2024-01-27 15:34:02',0,'1','1','1','minyak',NULL),(5,'minyak goreng rizki 1liter botol','[{\"harga\": \"15000\", \"jumlah\": \"1\"}]','2024-01-27 15:34:39','1000','2024-01-27 15:34:39','2024-01-27 15:34:39',0,'1','1','1','minyak',NULL),(22,'gula, raja gula 1kggg','[{\"harga\": \"10000\", \"jumlah\": \"1\"}]','2024-02-12 10:28:26','1000','2024-02-12 10:28:26','2024-01-27 15:32:17',0,'1','1','1','gula',NULL),(23,'minyak goreng fitri botol 400 ml','[{\"harga\": \"7500\", \"jumlah\": \"12\"}, {\"harga\": \"8000\", \"jumlah\": \"1\"}]','2024-05-17 10:05:41','6666','2024-05-17 10:05:41','2024-02-15 10:35:34',1,'','400 ML','91','minyak','null'),(24,'raja gula 1kg','[{\"harga\": \"16500\", \"jumlah\": \"1\"}]','2024-03-22 15:29:56','16500','2024-03-22 15:29:56','2024-02-15 10:38:11',1,'','1 kg','29','gula',NULL),(25,'minyakita botol 1 liter tutup ijo ','[{\"harga\": \"14800\", \"jumlah\": \"1\"}]','2024-05-07 08:02:20','14000','2024-05-07 08:02:20','2024-02-15 10:40:48',1,'','1 liter','480','minyak','null'),(26,'minyak goreng sunco refill pouch 1 liter','[{\"harga\": \"17750\", \"jumlah\": \"1\"}, {\"harga\": \"17334\", \"jumlah\": \"12\"}]','2024-05-03 14:16:41','16500','2024-05-03 14:16:41','2024-02-15 10:41:18',1,'','1 liter','262','minyak','null'),(28,'minyak goreng tawon 1 liter','[{\"harga\": \"18500\", \"jumlah\": \"1\"}, {\"harga\": \"17900\", \"jumlah\": \"12\"}]','2024-02-17 09:19:40','17500','2024-02-17 09:19:40','2024-02-17 09:19:40',1,'-','','1','minyak',NULL),(29,'minyak goreng bimoli refill 1 liter','[{\"harga\": \"19500\", \"jumlah\": \"1\"}, {\"harga\": \"18900\", \"jumlah\": \"12\"}]','2024-03-29 14:08:45','18600','2024-03-29 14:08:45','2024-02-17 09:21:35',0,'-','','1','minyak',NULL),(30,'minyak goreng rizky 1 liter','[{\"harga\": \"15500\", \"jumlah\": \"1\"}, {\"harga\": \"14900\", \"jumlah\": \"12\"}]','2024-02-17 09:36:23','14700','2024-02-17 09:36:23','2024-02-17 09:36:23',0,'-','','1','minyak',NULL),(31,'minyak goreng rose brand cup 220 ml','[{\"harga\": \"4200\", \"jumlah\": \"1\"}, {\"harga\": \"3700\", \"jumlah\": \"12\"}]','2024-02-21 13:04:46','3550','2024-02-21 13:04:46','2024-02-21 12:39:45',0,'-','-','48','minyak',NULL),(32,'aaaa','[{\"harga\": \"9999\", \"jumlah\": \"1\"}]','2024-03-16 10:49:04','999','2024-03-16 10:49:04','2024-03-16 10:49:04',0,'9','9','9','minyak',NULL),(33,'aaaaa','[{\"harga\": \"9999\", \"jumlah\": \"1\"}]','2024-03-16 10:52:03','1000','2024-03-16 10:52:03','2024-03-16 10:52:03',0,'0','9','9','minyak',NULL),(34,'aaa','[{\"harga\": \"5000\", \"jumlah\": \"1\"}, {\"harga\": \"5\", \"jumlah\": \"5\"}]','2024-03-16 10:52:37','1000','2024-03-16 10:52:37','2024-03-16 10:52:37',0,'5','5','5','minyak',NULL),(35,'psm gula 1kg','[{\"harga\": \"17000\", \"jumlah\": \"1\"}]','2024-03-30 10:16:11','16000','2024-03-30 10:16:11','2024-03-16 10:52:43',1,'-','-','30','gula',NULL),(36,'gula vit 1kg','[{\"harga\": \"15000\", \"jumlah\": \"1\"}, {\"harga\": \"10000\", \"jumlah\": \"7\"}]','2024-03-21 13:24:28','14000','2024-03-21 13:24:28','2024-03-20 10:39:09',0,'-','-','1','gula',NULL),(37,'minyak bimoli 1liter','[{\"harga\": \"19400\", \"jumlah\": \"1\"}]','2024-03-22 14:55:43','18800','2024-03-22 14:55:43','2024-03-22 14:55:43',0,'-','-','60','minyak',NULL),(38,'gula rosebrand 1kg','[{\"harga\": \"17990\", \"jumlah\": \"1\"}, {\"harga\": \"17990\", \"jumlah\": \"25\"}]','2024-05-27 15:56:50','16500','2024-05-27 15:56:50','2024-03-22 15:33:49',1,'-','-','141','gula','null'),(39,'asdsds','[{\"harga\": \"3e3\", \"jumlah\": \"1\"}]','2024-03-27 15:54:08','44','2024-03-27 15:54:08','2024-03-27 15:54:08',0,'4','4','4','minyak',NULL),(40,'kacang bawang asin','[{\"harga\": \"38500\", \"jumlah\": \"1\"}]','2024-04-01 09:39:51','38000','2024-04-01 09:39:51','2024-03-29 10:37:39',1,'-','-','6','Snack',NULL),(41,'kacang telur','[{\"harga\": \"38500\", \"jumlah\": \"1\"}]','2024-04-01 09:40:11','3800','2024-04-01 09:40:11','2024-03-29 10:47:41',1,'-','-','3','Snack',NULL),(42,'kong huan','[{\"harga\": \"109000\", \"jumlah\": \"1\"}]','2024-04-01 09:40:54','108000','2024-04-01 09:40:54','2024-03-29 10:48:58',1,'-','-','2','Snack',NULL),(43,'wafer nabati keju','[{\"harga\": \"26000\", \"jumlah\": \"1\"}]','2024-04-01 09:41:09','25500','2024-04-01 09:41:09','2024-03-29 10:49:59',1,'-','-','5','minyak',NULL),(44,'wafer tango coklat 270gr','[{\"harga\": \"27000\", \"jumlah\": \"1\"}]','2024-05-04 05:38:03','26500','2024-05-04 05:38:03','2024-03-29 10:50:51',1,'-','-','5','Snack','null'),(45,'inaco jely 1kg','[{\"harga\": \"29000\", \"jumlah\": \"1\"}]','2024-04-01 09:41:39','28500','2024-04-01 09:41:39','2024-03-29 10:51:58',1,'-','-','5','Snack',NULL),(46,'yupi toples','[{\"harga\": \"27000\", \"jumlah\": \"1\"}]','2024-04-01 09:42:05','26500','2024-04-01 09:42:05','2024-03-29 10:53:00',1,'-','-','5','Snack',NULL),(47,'permen espresso','[{\"harga\": \"28000\", \"jumlah\": \"1\"}]','2024-04-01 09:42:17','27500','2024-04-01 09:42:17','2024-03-29 10:57:22',1,'-','-','5','Snack',NULL),(48,'astor','[{\"harga\": \"36000\", \"jumlah\": \"1\"}]','2024-04-01 09:42:34','35500','2024-04-01 09:42:34','2024-03-29 10:58:02',1,'-','-','5','minyak',NULL),(49,'minyak bimoli pouch 1liter','[{\"harga\": \"19400\", \"jumlah\": \"1\"}]','2024-04-01 09:43:00','18800','2024-04-01 09:43:00','2024-03-29 14:10:44',1,'-','-','60','minyak',NULL),(50,'minyak hemart botol 1 liter','[{\"harga\": \"16834\", \"jumlah\": \"1\"}]','2024-05-29 08:32:00','15900','2024-05-29 08:32:00','2024-03-29 14:29:46',1,'-','-','1200','minyak','null'),(51,'mie sedap','[{\"harga\": \"2750\", \"jumlah\": \"1\"}]','2024-03-29 14:31:06','2700','2024-03-29 14:31:06','2024-03-29 14:31:06',1,'-','-','200','minyak',NULL),(52,'minyak rizky botol 1 liter','[{\"harga\": \"15300\", \"jumlah\": \"1\"}]','2024-05-10 14:36:27','14500','2024-05-10 14:36:27','2024-03-29 14:35:50',1,'-','-','204','minyak','null'),(53,'minyak minyakita botol 900ml','[{\"harga\": \"14000\", \"jumlah\": \"1\"}, {\"harga\": \"14334\", \"jumlah\": \"12\"}]','2024-05-29 08:24:35','14000','2024-05-29 08:24:35','2024-03-29 14:42:33',1,'-','-','36','minyak','null'),(54,'minyak bimoli dirijen 5 liter','[{\"harga\": \"99700\", \"jumlah\": \"1\"}]','2024-03-30 08:29:55','99000','2024-03-30 08:29:55','2024-03-30 08:29:55',1,'-','-','10','minyak',NULL),(55,'gulavit 1kg','[{\"harga\": \"17000\", \"jumlah\": \"1\"}]','2024-04-01 09:45:06','16500','2024-04-01 09:45:06','2024-03-30 08:46:57',1,'-','-','65','minyak',NULL),(56,'tepung tapioka pak tani 500gr','[{\"harga\": \"15000\", \"jumlah\": \"1\"}]','2024-05-10 14:38:14','-','2024-05-10 14:38:14','2024-03-30 08:52:23',1,'-','-','20','Tepung','null'),(57,'tepung segitiga biru premium 1kg oke','[{\"harga\": \"13000\", \"jumlah\": \"1\"}]','2024-04-19 10:22:02','12500','2024-04-19 10:22:02','2024-03-30 09:02:47',1,'-','-','25','Tepung',NULL),(58,'tepung lencana merah 1kg','[{\"harga\": \"9500\", \"jumlah\": \"1\"}]','2024-05-13 09:04:52','-','2024-05-13 09:04:52','2024-03-30 09:07:16',1,'-','-','13','Tepung','null'),(59,'tepung tapioka rosebrand 500gr','[{\"harga\": \"7500\", \"jumlah\": \"1\"}]','2024-05-01 09:47:15','-','2024-05-01 09:47:15','2024-03-30 10:08:39',1,'-','-','40','minyak','null'),(60,'gula gmp 1kg','[{\"harga\": \"17500\", \"jumlah\": \"1\"}]','2024-05-10 13:47:42','16500','2024-05-10 13:47:42','2024-03-30 10:15:37',1,'-','-','20','gula','null'),(61,'minyak goreng fortune 1 liter','[{\"harga\": \"17333\", \"jumlah\": \"1\"}]','2024-04-01 09:47:02','-','2024-04-01 09:47:02','2024-03-30 10:19:22',1,'-','-','36','minyak',NULL),(62,'minyak goreng rosebrand cup 220ml','[{\"harga\": \"3854\", \"jumlah\": \"1\"}]','2024-04-01 09:47:25','3600','2024-04-01 09:47:25','2024-03-30 10:22:47',1,'-','-','96','minyak',NULL),(63,'tepung terigu cakra kembar (biasa / transparan) 1kg','[{\"harga\": \"11250\", \"jumlah\": \"1\"}]','2024-04-26 15:52:07','-','2024-04-26 15:52:07','2024-03-30 10:25:29',1,'-','-','27','Tepung','null'),(64,'minyak goreng minyakita pouch 1 liter','[{\"harga\": \"14750\", \"jumlah\": \"1\"}]','2024-05-01 09:27:34','14000','2024-05-01 09:27:34','2024-03-30 10:41:52',1,'-','-','168','minyak','null'),(65,'tepung segitiga biru 1kg transparan','[{\"harga\": \"12900\", \"jumlah\": \"1\"}]','2024-04-19 10:21:33','-','2024-04-19 10:21:33','2024-03-30 14:09:07',1,'-','-','21','Tepung',NULL),(66,'susu ultra milk 1 liter','[{\"harga\": \"17900\", \"jumlah\": \"1\"}]','2024-03-30 14:10:06','-','2024-03-30 14:10:06','2024-03-30 14:10:06',1,'-','-','12','minyak',NULL),(67,'beras 1 kg','[{\"harga\": \"14000\", \"jumlah\": \"1\"}]','2024-04-19 13:56:45','-','2024-04-19 13:56:45','2024-03-30 14:21:23',1,'-','-','1','Beras',NULL),(68,'maestro mayonaise 180gr','[{\"harga\": \"8500\", \"jumlah\": \"1\"}]','2024-03-31 14:27:04','8000','2024-03-31 14:27:04','2024-03-31 14:19:39',1,'x','x','100','minyak',NULL),(69,'mamayo ori 200gr','[{\"harga\": \"7000\", \"jumlah\": \"1\"}]','2024-03-31 14:29:08','6500','2024-03-31 14:29:08','2024-03-31 14:29:08',1,'-','-','100','minyak',NULL),(70,'tepung segitiga biru 500gr (biasa / transparan)','[{\"harga\": \"6500\", \"jumlah\": \"1\"}]','2024-04-17 08:53:34','6000','2024-04-17 08:53:34','2024-03-31 14:30:57',1,'-','-','102','Tepung',NULL),(71,'la fonte bolognese 315gr','[{\"harga\": \"17500\", \"jumlah\": \"1\"}]','2024-03-31 14:33:30','17000','2024-03-31 14:33:30','2024-03-31 14:33:30',1,'-','-','100','minyak',NULL),(72,'point brown sugar 500ml','[{\"harga\": \"18000\", \"jumlah\": \"1\"}]','2024-03-31 14:35:17','17500','2024-03-31 14:35:17','2024-03-31 14:35:17',1,'-','-','1','minyak',NULL),(73,'kara santan 65ml','[{\"harga\": \"3500\", \"jumlah\": \"1\"}]','2024-03-31 14:43:31','3000','2024-03-31 14:43:31','2024-03-31 14:43:31',1,'-','-','1','minyak',NULL),(74,'keju wincheez gold 170gr','[{\"harga\": \"11500\", \"jumlah\": \"1\"}]','2024-03-31 14:48:37','11000','2024-03-31 14:48:37','2024-03-31 14:46:36',1,'-','-','1','minyak',NULL),(75,'garam meja cap daun 250gr','[{\"harga\": \"3000\", \"jumlah\": \"1\"}]','2024-03-31 14:50:02','2500','2024-03-31 14:50:02','2024-03-31 14:49:39',1,'-','-','1','minyak',NULL),(76,'tepung sagu tani 1kg liaw','[{\"harga\": \"35000\", \"jumlah\": \"1\"}]','2024-03-31 14:51:06','34000','2024-03-31 14:51:06','2024-03-31 14:51:06',1,'-','-','1','minyak',NULL),(77,'tepung roti panir mix 0.25kg','[{\"harga\": \"6000\", \"jumlah\": \"1\"}]','2024-03-31 14:53:55','5000','2024-03-31 14:53:55','2024-03-31 14:53:55',0,'-','-','1','minyak',NULL),(78,'full cream premix 250gr','[{\"harga\": \"7500\", \"jumlah\": \"1\"}]','2024-03-31 14:55:16','7000','2024-03-31 14:55:16','2024-03-31 14:55:16',1,'-','-','1','minyak',NULL),(79,'sagu mutiara cantik','[{\"harga\": \"2000\", \"jumlah\": \"1\"}]','2024-03-31 14:57:04','1800','2024-03-31 14:57:04','2024-03-31 14:57:04',1,'-','-','1','minyak',NULL),(80,'tepung hunkwe 56gr','[{\"harga\": \"2000\", \"jumlah\": \"1\"}]','2024-03-31 14:58:42','1800','2024-03-31 14:58:42','2024-03-31 14:58:42',1,'-','-','1','minyak',NULL),(81,'gula donat dextros 250gr','[{\"harga\": \"5000\", \"jumlah\": \"1\"}]','2024-03-31 15:00:06','4500','2024-03-31 15:00:06','2024-03-31 15:00:06',1,'-','-','1','minyak',NULL),(82,'tepung roti panir mix 1/4kg','[{\"harga\": \"6000\", \"jumlah\": \"1\"}]','2024-03-31 15:02:55','5000','2024-03-31 15:02:55','2024-03-31 15:02:55',1,'-','-','1','minyak',NULL),(83,'margarine simas 500gr','[{\"harga\": \"11000\", \"jumlah\": \"1\"}]','2024-03-31 15:04:10','10000','2024-03-31 15:04:10','2024-03-31 15:04:10',1,'-','-','1','minyak',NULL),(84,'garam dolpin 250gr','[{\"harga\": \"4750\", \"jumlah\": \"1\"}]','2024-04-01 09:58:32','4500','2024-04-01 09:58:32','2024-04-01 09:56:58',1,'-','-','1','minyak',NULL),(85,'fermipan 11gr','[{\"harga\": \"5000\", \"jumlah\": \"1\"}]','2024-04-01 09:58:57','4800','2024-04-01 09:58:57','2024-04-01 09:57:58',1,'-','-','1','minyak',NULL),(86,'kraft cheddar mini 30gr','[{\"harga\": \"5250\", \"jumlah\": \"1\"}]','2024-04-01 09:59:59','5000','2024-04-01 09:59:59','2024-04-01 09:59:39',1,'-','-','1','minyak',NULL),(87,'maizenaku 100gr','[{\"harga\": \"4000\", \"jumlah\": \"1\"}]','2024-04-01 10:01:10','3800','2024-04-01 10:01:10','2024-04-01 10:00:36',1,'-','-','1','minyak',NULL),(88,'blue band serbaguna 200gr','[{\"harga\": \"9500\", \"jumlah\": \"1\"}]','2024-04-01 10:02:55','9300','2024-04-01 10:02:55','2024-04-01 10:02:10',1,'-','-','1','minyak',NULL),(89,'blue band cake & cookies 200gr','[{\"harga\": \"12000\", \"jumlah\": \"1\"}]','2024-04-01 10:03:47','11800','2024-04-01 10:03:47','2024-04-01 10:03:29',1,'-','-','1','minyak',NULL),(90,'ceres classic 80gr','[{\"harga\": \"9500\", \"jumlah\": \"1\"}]','2024-04-01 10:05:24','9300','2024-04-01 10:05:24','2024-04-01 10:05:06',1,'-','-','1','minyak',NULL),(91,'ceres festive 80gr ','[{\"harga\": \"9500\", \"jumlah\": \"1\"}]','2024-04-01 10:06:19','9300','2024-04-01 10:06:19','2024-04-01 10:05:59',1,'-','-','1','minyak',NULL),(92,'ceres milk 80gr','[{\"harga\": \"9500\", \"jumlah\": \"1\"}]','2024-04-01 10:06:58','9300','2024-04-01 10:06:58','2024-04-01 10:06:46',1,'-','-','1','minyak',NULL),(93,'soda kue 50gr','[{\"harga\": \"1750\", \"jumlah\": \"1\"}]','2024-04-01 10:07:38','1500','2024-04-01 10:07:38','2024-04-01 10:07:38',0,'-','-','1','minyak',NULL),(94,'soda kue 50gr','[{\"harga\": \"1750\", \"jumlah\": \"1\"}]','2024-04-01 10:07:42','1500','2024-04-01 10:07:42','2024-04-01 10:07:42',0,'-','-','1','minyak',NULL),(95,'point soda kue 50gr','[{\"harga\": \"1750\", \"jumlah\": \"1\"}]','2024-04-01 10:10:54','1500','2024-04-01 10:10:54','2024-04-01 10:08:01',1,'-','-','1','minyak',NULL),(96,'point chocolate filling netral 500gr','[{\"harga\": \"17500\", \"jumlah\": \"1\"}]','2024-04-01 10:12:24','17300','2024-04-01 10:12:24','2024-04-01 10:11:38',1,'-','-','1','minyak',NULL),(97,'amanda margarine serbaguna 200gr','[{\"harga\": \"5500\", \"jumlah\": \"1\"}]','2024-04-01 10:13:56','5300','2024-04-01 10:13:56','2024-04-01 10:13:35',1,'-','-','1','minyak',NULL),(98,'royal palmia margarine 200gr','[{\"harga\": \"9000\", \"jumlah\": \"1\"}]','2024-04-01 10:15:08','8800','2024-04-01 10:15:08','2024-04-01 10:15:08',1,'-','-','1','minyak',NULL),(99,'pondan pancake mix 125gr','[{\"harga\": \"10500\", \"jumlah\": \"1\"}]','2024-04-01 10:16:54','10300','2024-04-01 10:16:54','2024-04-01 10:16:31',1,'-','-','1','minyak',NULL),(100,'pondan syrup maple 40ml','[{\"harga\": \"3500\", \"jumlah\": \"1\"}]','2024-04-01 10:57:13','3300','2024-04-01 10:57:13','2024-04-01 10:57:13',1,'-','-','6','minyak',NULL),(101,'koepoe baking powder 45gr','[{\"harga\": \"7000\", \"jumlah\": \"1\"}]','2024-04-01 10:59:08','6800','2024-04-01 10:59:08','2024-04-01 10:59:08',1,'-','-','1','minyak',NULL),(102,'koepoe soda kue 81gr','[{\"harga\": \"6000\", \"jumlah\": \"1\"}]','2024-04-01 11:02:15','5800','2024-04-01 11:02:15','2024-04-01 11:02:15',1,'-','-','1','minyak',NULL),(103,'koepoe ovalett 30gr','[{\"harga\": \"8000\", \"jumlah\": \"1\"}]','2024-04-01 11:03:02','7800','2024-04-01 11:03:02','2024-04-01 11:03:02',1,'-','-','5','minyak',NULL),(104,'koepoe sp pengemulsi 30gr','[{\"harga\": \"9500\", \"jumlah\": \"1\"}]','2024-04-01 11:03:46','9300','2024-04-01 11:03:46','2024-04-01 11:03:46',1,'-','-','1','minyak',NULL),(105,'koepoe pandan 25ml','[{\"harga\": \"7000\", \"jumlah\": \"1\"}]','2024-04-01 11:04:32','6800','2024-04-01 11:04:32','2024-04-01 11:04:32',1,'-','-','1','minyak',NULL),(106,'koepoe vaneli 25ml','[{\"harga\": \"7000\", \"jumlah\": \"1\"}]','2024-04-01 11:05:24','6800','2024-04-01 11:05:24','2024-04-01 11:05:24',1,'-','-','1','minyak',NULL),(107,'colatta dark chocolate 250gr','[{\"harga\": \"24000\", \"jumlah\": \"1\"}]','2024-04-01 11:07:56','23800','2024-04-01 11:07:56','2024-04-01 11:07:56',1,'-','-','1','minyak',NULL),(108,'colatta milk chocolate 250gr','[{\"harga\": \"24000\", \"jumlah\": \"1\"}]','2024-04-01 11:08:40','23800','2024-04-01 11:08:40','2024-04-01 11:08:40',1,'-','-','1','minyak',NULL),(109,'garam refina 250gr','[{\"harga\": \"3500\", \"jumlah\": \"1\"}]','2024-04-01 11:09:19','3300','2024-04-01 11:09:19','2024-04-01 11:09:19',1,'-','-','1','minyak',NULL),(110,'tepung cakra kembar premium 1kg','[{\"harga\": \"13500\", \"jumlah\": \"1\"}]','2024-04-01 11:13:48','13300','2024-04-01 11:13:48','2024-04-01 11:13:48',1,'-','-','3','minyak',NULL),(111,'tepung terigu segitiga 1kg','[{\"harga\": \"10000\", \"jumlah\": \"1\"}]','2024-05-10 14:23:27','11800','2024-05-10 14:23:27','2024-04-01 11:14:48',1,'-','-','1','minyak','null'),(112,'tepung terigu lencana merah 1kg','[{\"harga\": \"10500\", \"jumlah\": \"1\"}]','2024-04-01 11:15:34','10300','2024-04-01 11:15:34','2024-04-01 11:15:34',0,'-','-','1','minyak',NULL),(113,'tepung terigu kunci biru 1kg','[{\"harga\": \"13000\", \"jumlah\": \"1\"}]','2024-04-01 11:16:54','12800','2024-04-01 11:16:54','2024-04-01 11:16:54',1,'-','-','1','minyak',NULL),(114,'butter bos gold 250gram mentega','[{\"harga\": \"10500\", \"jumlah\": \"1\"}]','2024-04-01 11:17:13','10500','2024-04-01 11:17:13','2024-04-01 11:17:13',1,'-','-','1','minyak',NULL),(115,'tepung terigu cakra kembar 1kg','[{\"harga\": \"12500\", \"jumlah\": \"1\"}]','2024-04-01 11:17:56','12300','2024-04-01 11:17:56','2024-04-01 11:17:56',0,'-','-','1','minyak',NULL),(116,'perfetto keju mozzarella 250gr','[{\"harga\": \"34000\", \"jumlah\": \"1\"}]','2024-04-01 11:18:35','33800','2024-04-01 11:18:35','2024-04-01 11:18:35',1,'-','-','1','minyak',NULL),(117,'gula palm kasar 100gram aren','[{\"harga\": \"4000\", \"jumlah\": \"1\"}]','2024-04-01 11:19:17','4000','2024-04-01 11:19:17','2024-04-01 11:19:17',1,'-','-','1','minyak',NULL),(118,'edo danish pastry 750gr','[{\"harga\": \"43000\", \"jumlah\": \"1\"}]','2024-04-01 11:20:28','42800','2024-04-01 11:20:28','2024-04-01 11:20:28',1,'-','-','1','minyak',NULL),(119,'gula halus jago 250gram','[{\"harga\": \"6000\", \"jumlah\": \"1\"}]','2024-04-01 11:20:42','6000','2024-04-01 11:20:42','2024-04-01 11:20:42',1,'-','-','1','minyak',NULL),(120,'tepung terigu sania  1kg','[{\"harga\": \"12500\", \"jumlah\": \"1\"}]','2024-04-01 11:21:07','12300','2024-04-01 11:21:07','2024-04-01 11:21:07',1,'-','-','1','minyak',NULL),(123,'tepung terigu tulip 1kg','[{\"harga\": \"9750\", \"jumlah\": \"1\"}]','2024-04-01 14:54:42','9500','2024-04-01 14:54:42','2024-04-01 14:54:42',1,'-','-','1','minyak',NULL),(124,'bakerine plus 100gr','[{\"harga\": \"12500\", \"jumlah\": \"1\"}]','2024-04-01 15:38:51','12300','2024-04-01 15:38:51','2024-04-01 15:38:51',1,'-','-','1','minyak',NULL),(125,'tepung terigu mila serbaguna 1kg','[{\"harga\": \"12000\", \"jumlah\": \"1\"}]','2024-04-01 15:40:07','11800','2024-04-01 15:40:07','2024-04-01 15:40:07',1,'-','-','3','minyak',NULL),(126,'knorr cream soup base 1kg','[{\"harga\": \"95000\", \"jumlah\": \"1\"}]','2024-04-01 15:40:48','94800','2024-04-01 15:40:48','2024-04-01 15:40:48',1,'-','-','1','minyak',NULL),(127,'baking powder bimo 50gr','[{\"harga\": \"2750\", \"jumlah\": \"1\"}]','2024-04-01 15:41:52','2500','2024-04-01 15:41:52','2024-04-01 15:41:52',1,'-','-','1','minyak',NULL),(128,'point gula halus 500gr','[{\"harga\": \"11500\", \"jumlah\": \"1\"}]','2024-04-01 15:43:04','11300','2024-04-01 15:43:04','2024-04-01 15:43:04',1,'-','-','7','minyak',NULL),(129,'skm tiga sapi 490gr','[{\"harga\": \"13000\", \"jumlah\": \"1\"}]','2024-04-01 15:43:36','13000','2024-04-01 15:43:36','2024-04-01 15:43:36',1,'-','-','1','minyak',NULL),(130,'gula halus jago 250gr','[{\"harga\": \"5500\", \"jumlah\": \"1\"}]','2024-04-01 15:43:48','5300','2024-04-01 15:43:48','2024-04-01 15:43:48',1,'-','-','4','minyak',NULL),(131,'gula halus jago 500gr','[{\"harga\": \"10500\", \"jumlah\": \"1\"}]','2024-04-01 15:46:00','10500','2024-04-01 15:46:00','2024-04-01 15:45:15',1,'-','-','10','minyak',NULL),(132,'skm omela 490ml','[{\"harga\": \"13500\", \"jumlah\": \"1\"}]','2024-04-01 15:45:44','13500','2024-04-01 15:45:44','2024-04-01 15:45:44',1,'-','-','1','minyak',NULL),(133,'point gula icing 250gr','[{\"harga\": \"7250\", \"jumlah\": \"1\"}]','2024-04-01 15:46:44','7250','2024-04-01 15:46:44','2024-04-01 15:46:26',1,'-','-','1','minyak',NULL),(134,'point gula pasir 1kg','[{\"harga\": \"22000\", \"jumlah\": \"1\"}]','2024-04-01 15:47:21','22000','2024-04-01 15:47:21','2024-04-01 15:47:21',1,'-','-','1','minyak',NULL),(135,'skm carnation 495gr','[{\"harga\": \"14500\", \"jumlah\": \"1\"}]','2024-04-01 15:47:33','14500','2024-04-01 15:47:33','2024-04-01 15:47:33',1,'-','-','1','minyak',NULL),(136,'point l chips 1/2 bulat 100gr','[{\"harga\": \"8000\", \"jumlah\": \"1\"}]','2024-04-01 15:48:25','8000','2024-04-01 15:48:25','2024-04-01 15:48:25',1,'-','-','1','minyak',NULL),(137,'point chips coklat 100gr','[{\"harga\": \"8500\", \"jumlah\": \"1\"}]','2024-04-01 15:48:58','8500','2024-04-01 15:48:58','2024-04-01 15:48:58',1,'-','-','1','minyak',NULL),(138,'van houten cocoa powder 40gr','[{\"harga\": \"12000\", \"jumlah\": \"1\"}]','2024-04-01 15:49:41','','2024-04-01 15:49:41','2024-04-01 15:49:41',1,'','','0','minyak',NULL),(139,'colatta stick 1200gr','[{\"harga\": \"97500\", \"jumlah\": \"1\"}]','2024-04-01 15:49:44','97500','2024-04-01 15:49:44','2024-04-01 15:49:44',1,'-','-','1','minyak',NULL),(140,'saf instant 11gr','[{\"harga\": \"5000\", \"jumlah\": \"1\"}]','2024-04-01 15:50:24','','2024-04-01 15:50:24','2024-04-01 15:50:24',1,'','','0','minyak',NULL),(141,'morin strawberry 14gr','[{\"harga\": \"1300\", \"jumlah\": \"1\"}]','2024-04-01 15:50:53','','2024-04-01 15:50:53','2024-04-01 15:50:53',1,'','','0','minyak',NULL),(142,'morin blueberry 14gr','[{\"harga\": \"1200\", \"jumlah\": \"1\"}]','2024-04-01 15:51:48','','2024-04-01 15:51:48','2024-04-01 15:51:48',1,'','','0','',NULL),(143,'morin orange 14gr','[{\"harga\": \"1300\", \"jumlah\": \"1\"}]','2024-04-01 15:52:31','','2024-04-01 15:52:31','2024-04-01 15:52:31',1,'','','0','',NULL),(144,'morin pineaple 14gr','[{\"harga\": \"1300\", \"jumlah\": \"1\"}]','2024-04-01 15:52:59','','2024-04-01 15:52:59','2024-04-01 15:52:59',1,'','','0','',NULL),(145,'red bell dark chocolate 55ml','[{\"harga\": \"6500\", \"jumlah\": \"1\"}]','2024-04-01 15:53:33','','2024-04-01 15:53:33','2024-04-01 15:53:33',1,'','','0','minyak',NULL),(146,'red bell pandan 55ml','[{\"harga\": \"6500\", \"jumlah\": \"1\"}]','2024-04-01 15:54:07','','2024-04-01 15:54:07','2024-04-01 15:54:07',1,'','','0','',NULL),(147,'red bell strawberry 55ml','[{\"harga\": \"6500\", \"jumlah\": \"1\"}]','2024-04-01 15:54:55','','2024-04-01 15:54:55','2024-04-01 15:54:55',1,'','','0','',NULL),(148,'kupu pewarna merah rose 30ml','[{\"harga\": \"6500\", \"jumlah\": \"1\"}]','2024-04-06 13:06:41','','2024-04-06 13:06:41','2024-04-01 15:57:56',1,'','','0','',NULL),(149,'kupu pewarna hijau muda 30ml','[{\"harga\": \"6500\", \"jumlah\": \"1\"}]','2024-04-01 15:58:18','','2024-04-01 15:58:18','2024-04-01 15:58:18',1,'','','0','',NULL),(150,'kupu pewarna coklat 30ml','[{\"harga\": \"6500\", \"jumlah\": \"1\"}]','2024-04-01 15:58:39','','2024-04-01 15:58:39','2024-04-01 15:58:39',1,'','','0','',NULL),(151,'kupu tbm 35gr','[{\"harga\": \"8000\", \"jumlah\": \"1\"}]','2024-04-01 16:00:05','8000','2024-04-01 16:00:05','2024-04-01 16:00:05',1,'-','-','1','Snack',NULL),(152,'beras sphp 5kg','[{\"harga\": \"65000\", \"jumlah\": \"1\"}]','2024-04-06 13:02:07','','2024-04-06 13:02:07','2024-04-06 13:02:07',1,'','','0','',NULL),(153,'gulaku kuning 1kg','[{\"harga\": \"18700\", \"jumlah\": \"1\"}]','2024-04-06 15:04:48','','2024-04-06 15:04:48','2024-04-06 15:04:48',1,'','','0','',NULL),(154,'beras 2,5kg','[{\"harga\": \"35000\", \"jumlah\": \"1\"}]','2024-04-08 13:47:32','','2024-04-08 13:47:32','2024-04-08 13:47:32',1,'','','0','',NULL),(155,'gula pasir 1kg plastik kucir','[{\"harga\": \"17000\", \"jumlah\": \"1\"}]','2024-05-13 08:52:01','','2024-05-13 08:52:01','2024-04-08 13:50:12',1,'','','0','','null'),(156,'gulaku gula putih 1kg','[{\"harga\": \"18900\", \"jumlah\": \"1\"}]','2024-04-30 09:54:14','17500','2024-04-30 09:54:14','2024-04-16 10:53:01',1,'','','262','','null'),(157,'bola tpg beras 500','[{\"harga\": \"7200\", \"jumlah\": \"1\"}]','2024-04-16 10:54:41','7200','2024-04-16 10:54:41','2024-04-16 10:54:41',1,'','','2','',NULL),(158,'maizenaku tpg jgg 1kg','[{\"harga\": \"27700\", \"jumlah\": \"1\"}]','2024-04-16 10:59:37','27700','2024-04-16 10:59:37','2024-04-16 10:59:37',1,'','','6','',NULL),(159,'trigu trans 1kg','[{\"harga\": \"9300\", \"jumlah\": \"1\"}]','2024-04-16 11:01:22','9300','2024-04-16 11:01:22','2024-04-16 11:01:22',1,'','','1','Tepung',NULL),(160,'cakra tepung trans 1kg','[{\"harga\": \"11500\", \"jumlah\": \"1\"}]','2024-04-16 11:02:54','11500','2024-04-16 11:02:54','2024-04-16 11:02:54',0,'','','1','Tepung',NULL),(161,'nyobaaa in yaa','[{\"harga\": \"4000\", \"jumlah\": \"1\"}]','2024-04-19 10:33:07','','2024-04-19 10:33:07','2024-04-17 09:22:27',1,'','','23','',NULL),(162,'indomie soup noodles tori miso','[{\"harga\": \"0\", \"jumlah\": \"1\"}]','2024-04-19 10:34:16','3500','2024-04-19 10:34:16','2024-04-18 11:01:14',1,'','','37','',NULL),(164,'gula pasir 1/2 kg kucir','[{\"harga\": \"8500\", \"jumlah\": \"1\"}]','2024-04-30 13:44:19','0','2024-04-30 13:44:19','2024-04-19 13:59:21',1,'','','13','','null'),(165,'royco ayam ','[{\"harga\": \"500\", \"jumlah\": \"1\"}]','2024-04-19 14:02:25','0','2024-04-19 14:02:25','2024-04-19 14:02:25',1,'','','10','',NULL),(177,'kecap bango manis','[{\"harga\": \"0\", \"jumlah\": \"1\"}]','2024-04-23 11:58:39','0','2024-04-23 11:58:39','2024-04-23 11:58:39',1,'','','3','',NULL),(178,'kecap bango manis','[{\"harga\": \"9800\", \"jumlah\": \"1\"}]','2024-05-18 10:33:07','0','2024-05-18 10:33:07','2024-04-23 12:00:14',1,'','','7','','null'),(179,'ultra plain slim 250m','[{\"harga\": \"0\", \"jumlah\": \"1\"}]','2024-04-23 12:04:06','0','2024-04-23 12:04:06','2024-04-23 12:04:06',1,'','','1','',NULL),(180,'yuri apple','[{\"harga\": \"0\", \"jumlah\": \"1\"}]','2024-04-23 12:20:06','0','2024-04-23 12:20:06','2024-04-23 12:20:06',1,'','','1','',NULL),(181,'tepung beras rosebrand 500 gr','[{\"harga\": \"14000\", \"jumlah\": \"1\"}]','2024-05-29 08:34:14','0','2024-05-29 08:34:14','2024-04-23 13:53:22',1,'','','20','','null'),(182,'ABC SARDEN TOMAT 155gr','[{\"harga\": \"0\", \"jumlah\": \"1\"}]','2024-04-23 14:33:40','0','2024-04-23 14:33:40','2024-04-23 14:33:40',1,'','','0','',NULL),(183,'ABC Sarden Tomat 155 gr','[{\"harga\": \"0\", \"jumlah\": \"1\"}]','2024-04-23 14:37:52','0','2024-04-23 14:37:52','2024-04-23 14:37:52',1,'','','1','',NULL),(184,'minyak goreng sovia pouch 2 liter','[{\"harga\": \"16658\", \"jumlah\": \"1\"}]','2024-05-24 15:41:03','0','2024-05-24 15:41:03','2024-04-23 14:39:05',1,'','','18','','null'),(185,'telur ayam curah per krat','[{\"harga\": \"390000\", \"jumlah\": \"1\"}]','2024-04-30 02:53:21','0','2024-04-30 02:53:21','2024-04-23 14:39:54',1,'','','1','','null'),(186,'nabati wafer keju richeese 39gr','[{\"harga\": \"0\", \"jumlah\": \"1\"}]','2024-04-24 08:26:41','0','2024-04-24 08:26:41','2024-04-23 14:40:57',1,'','','1','',NULL),(187,'minyakita botol 1 liter tutup kuning ','[{\"harga\": \"15600\", \"jumlah\": \"1\"}]','2024-04-28 09:40:44','0','2024-04-28 09:40:44','2024-04-24 08:58:07',1,'','','12','','null'),(188,'gula happy sweet 1kg ','[{\"harga\": \"17900\", \"jumlah\": \"1\"}]','2024-04-24 09:08:04','0','2024-04-24 09:08:04','2024-04-24 09:08:04',1,'','','0','',NULL),(189,'gula bintang kristal 900 gr','[{\"harga\": \"16950\", \"jumlah\": \"1\"}]','2024-04-24 09:09:03','0','2024-04-24 09:09:03','2024-04-24 09:09:03',1,'','','0','',NULL),(190,'gula bintang kristal 450 gr','[{\"harga\": \"9800\", \"jumlah\": \"1\"}]','2024-05-17 10:07:14','0','2024-05-17 10:07:14','2024-04-24 09:09:37',1,'','','0','','null'),(191,'nyoba','[{\"harga\": \"0\", \"jumlah\": \"1\"}]','2024-04-24 11:23:40','0','2024-04-24 11:23:40','2024-04-24 11:23:40',1,'','','0','',NULL),(192,'Minyak Sunco 1 liter pouch','[{\"harga\": \"0\", \"jumlah\": \"1\"}]','2024-04-24 11:26:14','0','2024-04-24 11:26:14','2024-04-24 11:26:14',0,'','','0','',NULL),(193,'minyak sunco 2 liter pouch','[{\"harga\": \"17000\", \"jumlah\": \"1\"}]','2024-05-03 14:14:39','0','2024-05-03 14:14:39','2024-04-24 11:26:35',1,'','','0','','null'),(194,'Le mineral 600 ml','[{\"harga\": \"0\", \"jumlah\": \"1\"}]','2024-04-24 11:27:05','0','2024-04-24 11:27:05','2024-04-24 11:27:05',1,'','','0','',NULL),(195,'Le mineral 1500 ml','[{\"harga\": \"0\", \"jumlah\": \"1\"}]','2024-04-24 11:27:53','0','2024-04-24 11:27:53','2024-04-24 11:27:53',1,'','','0','',NULL),(196,'nescafe 2 gr','[{\"harga\": \"0\", \"jumlah\": \"1\"}]','2024-04-24 11:28:38','0','2024-04-24 11:28:38','2024-04-24 11:28:38',1,'','','0','',NULL),(197,'ladaku sachet ','[{\"harga\": \"0\", \"jumlah\": \"1\"}]','2024-04-24 11:29:17','0','2024-04-24 11:29:17','2024-04-24 11:29:17',1,'','','0','',NULL),(198,'mie sedap goreng','[{\"harga\": \"3000\", \"jumlah\": \"1\"}]','2024-05-18 10:33:46','0','2024-05-18 10:33:46','2024-04-24 11:29:59',1,'','','0','','null'),(199,'Mie sedap ayam bawang','[{\"harga\": \"0\", \"jumlah\": \"1\"}]','2024-04-24 11:30:27','0','2024-04-24 11:30:27','2024-04-24 11:30:27',1,'','','0','',NULL),(200,'Mie Sedap soto','[{\"harga\": \"0\", \"jumlah\": \"1\"}]','2024-04-24 12:38:19','0','2024-04-24 12:38:19','2024-04-24 12:38:19',1,'','','0','',NULL),(201,'Ultra milk choco 125 ml','[{\"harga\": \"0\", \"jumlah\": \"1\"}]','2024-04-24 12:38:57','0','2024-04-24 12:38:57','2024-04-24 12:38:57',1,'','','0','',NULL),(202,'Ultra milk strawberry 125 ml','[{\"harga\": \"0\", \"jumlah\": \"1\"}]','2024-04-24 12:39:49','0','2024-04-24 12:39:49','2024-04-24 12:39:49',1,'','','0','',NULL),(203,'Milo sachet 22gr','[{\"harga\": \"0\", \"jumlah\": \"1\"}]','2024-04-24 12:40:26','0','2024-04-24 12:40:26','2024-04-24 12:40:26',1,'','','0','',NULL),(204,'New Vit 200 ml','[{\"harga\": \"0\", \"jumlah\": \"1\"}]','2024-04-24 12:43:04','0','2024-04-24 12:43:04','2024-04-24 12:43:04',1,'','','0','',NULL),(205,'New Vit 550 ml','[{\"harga\": \"0\", \"jumlah\": \"1\"}]','2024-04-24 12:43:35','0','2024-04-24 12:43:35','2024-04-24 12:43:35',1,'','','0','',NULL),(206,'Vit 1500 ml','[{\"harga\": \"0\", \"jumlah\": \"1\"}]','2024-04-24 12:44:16','0','2024-04-24 12:44:16','2024-04-24 12:44:16',1,'','','0','',NULL),(207,'Vit 330 ml botol','[{\"harga\": \"0\", \"jumlah\": \"1\"}]','2024-04-24 12:44:56','0','2024-04-24 12:44:56','2024-04-24 12:44:56',1,'','','0','',NULL),(208,'mie indomie ayam bawang','[{\"harga\": \"2637\", \"jumlah\": \"1\"}]','2024-05-14 13:24:10','0','2024-05-14 13:24:10','2024-04-24 12:45:39',1,'','','0','','null'),(209,'mie indomie soto','[{\"harga\": \"2637\", \"jumlah\": \"1\"}]','2024-05-24 15:50:18','0','2024-05-24 15:50:18','2024-04-24 12:46:00',1,'','','0','','null'),(210,'susu putih frisian flag sachet ','[{\"harga\": \"0\", \"jumlah\": \"1\"}]','2024-04-24 12:46:58','0','2024-04-24 12:46:58','2024-04-24 12:46:58',1,'','','0','',NULL),(211,'Ultramilk full cream 200 ml','[{\"harga\": \"0\", \"jumlah\": \"1\"}]','2024-04-24 12:47:38','0','2024-04-24 12:47:38','2024-04-24 12:47:38',1,'','','0','',NULL),(212,'Ultramilk full cream 250 ml','[{\"harga\": \"0\", \"jumlah\": \"1\"}]','2024-04-24 12:48:11','0','2024-04-24 12:48:11','2024-04-24 12:48:11',1,'','','0','',NULL),(213,'Ultramilk choco 200 ml','[{\"harga\": \"0\", \"jumlah\": \"1\"}]','2024-04-24 12:48:54','0','2024-04-24 12:48:54','2024-04-24 12:48:54',1,'','','0','',NULL),(214,'Ultramilk strawberry 200 ml','[{\"harga\": \"0\", \"jumlah\": \"1\"}]','2024-04-24 12:49:41','0','2024-04-24 12:49:41','2024-04-24 12:49:41',1,'','','0','',NULL),(215,'Ultramilk strawberry 250 ml','[{\"harga\": \"0\", \"jumlah\": \"1\"}]','2024-04-24 12:50:01','0','2024-04-24 12:50:01','2024-04-24 12:50:01',1,'','','0','',NULL),(216,'Flow 150 ml','[{\"harga\": \"0\", \"jumlah\": \"1\"}]','2024-04-24 12:51:08','0','2024-04-24 12:51:08','2024-04-24 12:51:08',1,'','','0','',NULL),(217,'teh tjatoet ijo besar','[{\"harga\": \"0\", \"jumlah\": \"1\"}]','2024-05-03 08:35:15','0','2024-05-03 08:35:15','2024-04-24 13:02:44',1,'','','0','','null'),(218,'minyakita refill 2 liter','[{\"harga\": \"15000\", \"jumlah\": \"1\"}, {\"harga\": \"14584\", \"jumlah\": \"12\"}]','2024-05-03 14:17:49','0','2024-05-03 14:17:49','2024-04-25 13:44:55',1,'','','0','','null'),(219,'Milo active go 3in1 35gr','[{\"harga\": \"0\", \"jumlah\": \"1\"}]','2024-04-25 14:07:57','0','2024-04-25 14:07:57','2024-04-25 14:07:57',1,'','','0','',NULL),(220,'Morin strawberry 170 gr','[{\"harga\": \"0\", \"jumlah\": \"1\"}]','2024-04-25 14:10:21','0','2024-04-25 14:10:21','2024-04-25 14:10:21',1,'','','0','',NULL),(221,'aaaaa','[{\"harga\": \"0\", \"jumlah\": \"1\"}]','2024-04-25 15:32:40','0','2024-04-25 15:32:40','2024-04-25 15:31:33',1,'','','0','','aaaaa'),(222,'indomie shoyu','[{\"harga\": \"0\", \"jumlah\": \"1\"}]','2024-04-26 05:50:38','0','2024-04-26 05:50:38','2024-04-26 05:50:38',1,'','','1','','089686040111'),(223,'tepung payung','[{\"harga\": \"8000\", \"jumlah\": \"1\"}]','2024-05-10 13:52:49','0','2024-05-10 13:52:49','2024-04-26 09:21:45',1,'','','0','','null'),(224,'teh tang 40gr','[{\"harga\": \"0\", \"jumlah\": \"1\"}]','2024-05-07 15:06:26','0','2024-05-07 15:06:26','2024-04-26 09:28:01',1,'','','0','','null'),(225,'minyak hemart 500ml','[{\"harga\": \"9000\", \"jumlah\": \"1\"}]','2024-05-13 09:14:45','0','2024-05-13 09:14:45','2024-04-26 10:20:29',1,'','','0','','null'),(226,'susu ultra slim plain 200','[{\"harga\": \"0\", \"jumlah\": \"1\"}]','2024-04-26 15:45:36','0','2024-04-26 15:45:36','2024-04-26 15:45:36',1,'','','0','',''),(227,'Teh Sepeda Balap 35gr','[{\"harga\": \"0\", \"jumlah\": \"1\"}]','2024-04-27 08:12:13','0','2024-04-27 08:12:13','2024-04-27 08:12:13',1,'','','0','',NULL),(228,'Minyak Fortune Banta 1 liter','[{\"harga\": \"0\", \"jumlah\": \"1\"}]','2024-04-27 08:15:10','0','2024-04-27 08:15:10','2024-04-27 08:15:10',1,'','','0','',NULL),(229,'Tango Wafer Long Strawberry','[{\"harga\": \"0\", \"jumlah\": \"1\"}]','2024-04-27 08:16:00','0','2024-04-27 08:16:00','2024-04-27 08:16:00',1,'','','0','',NULL),(230,'Nissin Cup Noodles kaldu','[{\"harga\": \"0\", \"jumlah\": \"1\"}]','2024-04-27 08:16:27','0','2024-04-27 08:16:27','2024-04-27 08:16:27',1,'','','0','',NULL),(231,'Good day Carrebian nut','[{\"harga\": \"0\", \"jumlah\": \"1\"}]','2024-04-27 09:08:06','0','2024-04-27 09:08:06','2024-04-27 09:08:06',1,'','','0','',NULL),(232,'Good day Mocacinno','[{\"harga\": \"0\", \"jumlah\": \"1\"}]','2024-04-27 09:08:59','0','2024-04-27 09:08:59','2024-04-27 09:08:59',1,'','','0','',NULL),(233,'Kopi Kapal api special 160gr','[{\"harga\": \"0\", \"jumlah\": \"1\"}]','2024-04-27 09:10:41','0','2024-04-27 09:10:41','2024-04-27 09:10:41',1,'','','0','',NULL),(234,'Mama Lemon Jeruk Nipis 680ml','[{\"harga\": \"0\", \"jumlah\": \"1\"}]','2024-04-27 09:12:21','0','2024-04-27 09:12:21','2024-04-27 09:12:21',1,'','','0','',NULL),(235,'mama lime pouch 680ml','[{\"harga\": \"0\", \"jumlah\": \"1\"}]','2024-04-27 09:14:30','0','2024-04-27 09:14:30','2024-04-27 09:13:26',1,'','','0','','null'),(236,'Mama Lemon Jeruk Nipis 430ml','[{\"harga\": \"0\", \"jumlah\": \"1\"}]','2024-04-27 09:15:16','0','2024-04-27 09:15:16','2024-04-27 09:15:16',1,'','','0','',NULL),(237,'Sunlight Jeruk Nipis 210ml','[{\"harga\": \"0\", \"jumlah\": \"1\"}]','2024-04-27 09:17:59','0','2024-04-27 09:17:59','2024-04-27 09:17:59',1,'','','0','',NULL),(238,'Ekonomi Liquid Siwak dan Jeruk 650ml','[{\"harga\": \"0\", \"jumlah\": \"1\"}]','2024-04-27 09:21:30','0','2024-04-27 09:21:30','2024-04-27 09:21:30',1,'','','0','',NULL),(239,'Ekonomi Liquid Jeruk Nipis 650ml','[{\"harga\": \"0\", \"jumlah\": \"1\"}]','2024-04-27 09:22:21','0','2024-04-27 09:22:21','2024-04-27 09:22:21',1,'','','0','',NULL),(240,'Ekonomi Liquid Sereh 650ml','[{\"harga\": \"0\", \"jumlah\": \"1\"}]','2024-04-27 09:28:46','0','2024-04-27 09:28:46','2024-04-27 09:28:46',1,'','','0','',NULL),(241,'Mama lemon pouch lemon 680ml','[{\"harga\": \"0\", \"jumlah\": \"1\"}]','2024-04-27 09:47:27','0','2024-04-27 09:47:27','2024-04-27 09:47:27',1,'','','0','',NULL),(242,'Mama Lemon Jeruk Nipis 1.5 liter','[{\"harga\": \"0\", \"jumlah\": \"1\"}]','2024-04-27 09:58:39','0','2024-04-27 09:58:39','2024-04-27 09:58:39',1,'','','0','',NULL),(272,'teh catut','[{\"harga\": \"7500\", \"jumlah\": \"1\"}]','2024-04-27 15:51:51','0','2024-04-27 15:51:51','2024-04-27 13:55:40',1,'','','0','','null'),(273,'tepung terigu cakra kembar 25kg','[{\"harga\": \"228000\", \"jumlah\": \"1\"}]','2024-05-24 15:39:48','0','2024-05-24 15:39:48','2024-04-27 14:10:43',1,'','','0','','null'),(274,'Beras IR cap LELE 25kg','[{\"harga\": \"0\", \"jumlah\": \"1\"}]','2024-04-27 14:43:31','0','2024-04-27 14:43:31','2024-04-27 14:43:31',1,'','','0','',NULL),(275,'Kecap Manis Bango 720ml','[{\"harga\": \"0\", \"jumlah\": \"1\"}]','2024-04-27 14:50:22','0','2024-04-27 14:50:22','2024-04-27 14:50:22',1,'','','0','',NULL),(276,'Daia deterjen romantic pink 800gr','[{\"harga\": \"0\", \"jumlah\": \"1\"}]','2024-04-27 14:52:26','0','2024-04-27 14:52:26','2024-04-27 14:52:26',1,'','','0','',NULL),(277,'beras bunga aster premium 5kg','[{\"harga\": \"64000\", \"jumlah\": \"1\"}]','2024-05-01 09:32:37','0','2024-05-01 09:32:37','2024-04-27 14:54:33',1,'','','0','','null'),(278,'gula rmi merah 50kg','[{\"harga\": \"822000\", \"jumlah\": \"1\"}]','2024-05-18 10:16:56','0','2024-05-18 10:16:56','2024-04-27 15:02:32',1,'','','0','','null'),(279,'gula nusakita psb pesantren baru 50kg','[{\"harga\": \"855000\", \"jumlah\": \"1\"}]','2024-05-06 01:52:01','0','2024-05-06 01:52:01','2024-04-27 15:25:56',1,'','','0','','null'),(280,'indomie goreng','[{\"harga\": \"3200\", \"jumlah\": \"1\"}, {\"harga\": \"2775\", \"jumlah\": \"40\"}]','2024-05-21 11:31:10','0','2024-05-21 11:31:10','2024-04-29 05:40:10',1,'','','0','','08968601094'),(281,'raja gula kemasan karung 50kg','[{\"harga\": \"839000\", \"jumlah\": \"1\"}]','2024-04-29 13:33:16','0','2024-04-29 13:33:16','2024-04-29 07:49:45',1,'','','0','',''),(282,'Lentera Minyak Gelas 180ml','[{\"harga\": \"0\", \"jumlah\": \"1\"}]','2024-04-29 13:49:23','0','2024-04-29 13:49:23','2024-04-29 13:49:23',1,'','','0','',NULL),(283,'peti telur','[{\"harga\": \"17000\", \"jumlah\": \"1\"}]','2024-04-30 02:55:02','0','2024-04-30 02:55:02','2024-04-30 02:55:02',1,'','','0','',''),(284,'ongkir / ongkos kirim','[{\"harga\": \"10000\", \"jumlah\": \"1\"}]','2024-04-30 03:04:47','0','2024-04-30 03:04:47','2024-04-30 03:04:47',1,'','','0','',''),(285,'Minyak Resto bantal 180 ml','[{\"harga\": \"0\", \"jumlah\": \"1\"}]','2024-04-30 09:23:41','0','2024-04-30 09:23:41','2024-04-30 09:23:41',1,'','','0','',NULL),(286,'Tepung terigu dragonfly 1kg','[{\"harga\": \"0\", \"jumlah\": \"1\"}]','2024-04-30 09:34:18','0','2024-04-30 09:34:18','2024-04-30 09:34:18',1,'','','0','',NULL),(287,'gula merah ball 10kg','[{\"harga\": \"0\", \"jumlah\": \"1\"}]','2024-04-30 09:35:20','0','2024-04-30 09:35:20','2024-04-30 09:35:20',1,'','','0','',NULL),(288,'Teh Catut Hijau','[{\"harga\": \"0\", \"jumlah\": \"1\"}]','2024-04-30 10:34:14','0','2024-04-30 10:34:14','2024-04-30 10:34:14',0,'','','0','',NULL),(289,'Sunco Refill 500 ml ','[{\"harga\": \"0\", \"jumlah\": \"1\"}]','2024-04-30 10:34:58','0','2024-04-30 10:34:58','2024-04-30 10:34:58',1,'','','0','',NULL),(290,'Tepung Payung Curah','[{\"harga\": \"0\", \"jumlah\": \"1\"}]','2024-04-30 10:38:37','0','2024-04-30 10:38:37','2024-04-30 10:38:37',1,'','','0','',NULL),(291,'gula jawa','[{\"harga\": \"15100\", \"jumlah\": \"1\"}]','2024-05-24 15:33:44','0','2024-05-24 15:33:44','2024-05-01 09:13:24',1,'','','0','',''),(292,'garam krasak','[{\"harga\": \"3500\", \"jumlah\": \"1\"}]','2024-05-27 15:57:41','0','2024-05-27 15:57:41','2024-05-01 09:15:01',1,'','','0','',''),(293,'gula pasir mk kemasan 1 kg','[{\"harga\": \"17000\", \"jumlah\": \"1\"}]','2024-05-01 09:23:47','0','2024-05-01 09:23:47','2024-05-01 09:17:27',1,'','','0','','8997004050006'),(294,'Beras C4 Hijau','[{\"harga\": \"0\", \"jumlah\": \"1\"}]','2024-05-01 09:22:44','0','2024-05-01 09:22:44','2024-05-01 09:22:44',1,'','','0','',NULL),(295,'Beras C4 Biru','[{\"harga\": \"0\", \"jumlah\": \"1\"}]','2024-05-01 09:23:03','0','2024-05-01 09:23:03','2024-05-01 09:23:03',1,'','','0','',NULL),(296,'beras cap lesoeng','[{\"harga\": \"15000\", \"jumlah\": \"1\"}]','2024-05-24 15:38:59','0','2024-05-24 15:38:59','2024-05-01 09:25:27',1,'','','0','','null'),(297,'bawang putih bubuk tabura','[{\"harga\": \"5000\", \"jumlah\": \"1\"}]','2024-05-18 10:29:07','0','2024-05-18 10:29:07','2024-05-01 10:02:39',1,'','','0','',''),(298,'Gula Pasir Matahari','[{\"harga\": \"0\", \"jumlah\": \"1\"}]','2024-05-02 08:27:37','0','2024-05-02 08:27:37','2024-05-02 08:27:37',1,'','','0','',NULL),(299,'gula nusakita ngadiredjo 50kg','[{\"harga\": \"839000\", \"jumlah\": \"1\"}]','2024-05-13 09:01:53','0','2024-05-13 09:01:53','2024-05-02 10:36:35',1,'','','0','','null'),(300,'Masako sapi 10gr','[{\"harga\": \"0\", \"jumlah\": \"1\"}]','2024-05-02 10:57:57','0','2024-05-02 10:57:57','2024-05-02 10:57:57',1,'','','0','',NULL),(313,'gula oren','[{\"harga\": 10000, \"jumlah\": \"1\"}]','2024-05-02 13:53:55','0','2024-05-02 13:53:55','2024-05-02 13:53:55',1,'','','0','',NULL),(314,'tango wafer coklat 270 gram','[{\"harga\": \"26000\", \"jumlah\": \"1\"}]','2024-05-04 05:35:01','0','2024-05-04 05:35:01','2024-05-04 05:35:01',0,'','','0','',''),(315,'monde butter cookies 90','[{\"harga\": \"11750\", \"jumlah\": \"1\"}]','2024-05-04 05:36:59','0','2024-05-04 05:36:59','2024-05-04 05:36:59',1,'','','0','',''),(316,'nissin 125 wafer coklat','[{\"harga\": \"7950\", \"jumlah\": \"1\"}]','2024-05-04 05:39:17','0','2024-05-04 05:39:17','2024-05-04 05:39:17',1,'','','0','',''),(317,'indomie goreng aceh','[{\"harga\": \"3250\", \"jumlah\": \"1\"}]','2024-05-04 05:44:02','0','2024-05-04 05:44:02','2024-05-04 05:44:02',1,'','','0','',''),(318,'sedap mie kari spesial','[{\"harga\": \"2850\", \"jumlah\": \"1\"}]','2024-05-04 05:45:16','0','2024-05-04 05:45:16','2024-05-04 05:45:16',1,'','','0','',''),(319,'monde serena egg roll 60','[{\"harga\": \"8450\", \"jumlah\": \"1\"}, {\"harga\": \"8000\", \"jumlah\": \"7\"}]','2024-05-04 08:22:58','0','2024-05-04 08:22:58','2024-05-04 05:46:17',1,'','','0','',''),(320,'ABC Kecap Manis Pouch 80gr','[{\"harga\": \"0\", \"jumlah\": \"1\"}]','2024-05-04 08:26:39','0','2024-05-04 08:26:39','2024-05-04 08:26:39',1,'','','0','',NULL),(321,'beras 12500','[{\"harga\": 12500, \"jumlah\": \"1\"}]','2024-05-06 02:44:19','0','2024-05-06 02:44:19','2024-05-06 02:44:19',1,'','','0','',NULL),(322,'koceng oren','[{\"harga\": 1000, \"jumlah\": \"1\"}]','2024-05-07 14:04:01','0','2024-05-07 14:04:01','2024-05-07 14:04:01',0,'','','0','',NULL),(323,'minyak kita 1 ton','[{\"harga\": 571.4285714285714, \"jumlah\": \"1\"}]','2024-05-07 14:11:29','0','2024-05-07 14:11:29','2024-05-07 14:11:29',0,'','','0','',NULL),(324,'Mie Burung Dara ','[{\"harga\": \"0\", \"jumlah\": \"1\"}]','2024-05-07 14:53:25','0','2024-05-07 14:53:25','2024-05-07 14:53:25',1,'','','0','',NULL),(325,'Mie Burung Dara Pipih','[{\"harga\": \"0\", \"jumlah\": \"1\"}]','2024-05-07 14:53:50','0','2024-05-07 14:53:50','2024-05-07 14:53:50',1,'','','0','',NULL),(326,'Mie Burung Dara Iket','[{\"harga\": \"0\", \"jumlah\": \"1\"}]','2024-05-07 14:54:16','0','2024-05-07 14:54:16','2024-05-07 14:54:16',1,'','','0','',NULL),(327,'Bihun tanam jagung','[{\"harga\": \"0\", \"jumlah\": \"1\"}]','2024-05-07 14:54:49','0','2024-05-07 14:54:49','2024-05-07 14:54:49',1,'','','0','',NULL),(328,'Teh Tang 80gr','[{\"harga\": \"0\", \"jumlah\": \"1\"}]','2024-05-07 15:28:09','0','2024-05-07 15:28:09','2024-05-07 15:28:09',1,'','','0','',NULL),(329,'Teh Tjatoet 80gr','[{\"harga\": \"0\", \"jumlah\": \"1\"}]','2024-05-07 15:28:53','0','2024-05-07 15:28:53','2024-05-07 15:28:53',1,'','','0','',NULL),(330,'Teh Tjatoet 40gr','[{\"harga\": \"0\", \"jumlah\": \"1\"}]','2024-05-07 15:29:12','0','2024-05-07 15:29:12','2024-05-07 15:29:12',1,'','','0','',NULL),(331,'Beras Pandan Wangi ','[{\"harga\": \"0\", \"jumlah\": \"1\"}]','2024-05-08 09:09:23','0','2024-05-08 09:09:23','2024-05-08 09:09:23',1,'','','0','',NULL),(332,'beras rajawali','[{\"harga\": \"12500\", \"jumlah\": \"1\"}]','2024-05-13 09:10:14','0','2024-05-13 09:10:14','2024-05-08 09:09:44',1,'','','0','','null'),(333,'Beras Ladang Pangan','[{\"harga\": \"0\", \"jumlah\": \"1\"}]','2024-05-08 09:10:02','0','2024-05-08 09:10:02','2024-05-08 09:10:02',1,'','','0','',NULL),(334,'Beras 4 Jaya','[{\"harga\": \"0\", \"jumlah\": \"1\"}]','2024-05-08 09:10:18','0','2024-05-08 09:10:18','2024-05-08 09:10:18',1,'','','0','',NULL),(335,'Beras C4 Raja','[{\"harga\": \"0\", \"jumlah\": \"1\"}]','2024-05-08 09:11:07','0','2024-05-08 09:11:07','2024-05-08 09:11:07',1,'','','0','',NULL),(336,'beras','[{\"harga\": 933.3333333333334, \"jumlah\": \"1\"}]','2024-05-10 14:09:33','0','2024-05-10 14:09:33','2024-05-10 14:09:33',0,'','','0','',NULL),(337,'mie eko','[{\"harga\": \"11000\", \"jumlah\": \"1\"}]','2024-05-10 14:29:56','0','2024-05-10 14:29:56','2024-05-10 14:29:56',1,'','','0','',''),(338,'lencana merah 25kg','[{\"harga\": \"0\", \"jumlah\": \"1\"}]','2024-05-11 10:44:23','0','2024-05-11 10:44:23','2024-05-11 10:44:23',1,'','','0','',NULL),(339,'tepung terigu segitiga biru 25kg','[{\"harga\": \"219000\", \"jumlah\": \"1\"}]','2024-05-18 10:30:45','0','2024-05-18 10:30:45','2024-05-11 10:49:55',1,'','','0','','null'),(340,'teh tang biru','[{\"harga\": \"2900\", \"jumlah\": \"1\"}]','2024-05-13 09:12:04','0','2024-05-13 09:12:04','2024-05-13 09:12:04',1,'','','0','',''),(341,'kecap bango 200ml','[{\"harga\": \"0\", \"jumlah\": \"1\"}]','2024-05-14 10:43:16','0','2024-05-14 10:43:16','2024-05-14 10:43:16',1,'','','0','',NULL),(342,'miki pouch 1 liter','[{\"harga\": \"15000\", \"jumlah\": \"1\"}]','2024-05-15 09:16:30','0','2024-05-15 09:16:30','2024-05-15 09:09:01',1,'','','0','',''),(343,'gula karung rose brand 50kg','[{\"harga\": \"850000\", \"jumlah\": \"1\"}]','2024-05-24 15:48:11','0','2024-05-24 15:48:11','2024-05-15 09:20:29',1,'','','0','',''),(344,'teh tang kecil','[{\"harga\": \"3000\", \"jumlah\": \"1\"}]','2024-05-21 11:26:00','0','2024-05-21 11:26:00','2024-05-17 09:57:57',1,'','','0','',''),(345,'Garam Kotak Gudang Garam','[{\"harga\": \"0\", \"jumlah\": \"1\"}]','2024-05-17 10:01:13','0','2024-05-17 10:01:13','2024-05-17 10:01:13',1,'','','0','',NULL),(346,'Garam Halus Daun MG','[{\"harga\": \"0\", \"jumlah\": \"1\"}]','2024-05-17 10:01:47','0','2024-05-17 10:01:47','2024-05-17 10:01:47',1,'','','0','',NULL),(347,'Garam Halus Gajah','[{\"harga\": \"0\", \"jumlah\": \"1\"}]','2024-05-17 10:02:13','0','2024-05-17 10:02:13','2024-05-17 10:02:13',1,'','','0','',NULL),(348,'teh sosro celup','[{\"harga\": \"4250\", \"jumlah\": \"1\"}]','2024-05-17 10:04:34','0','2024-05-17 10:04:34','2024-05-17 10:04:21',1,'','','0','',''),(349,'miki 2 liter pouch','[{\"harga\": \"14583\", \"jumlah\": \"1\"}]','2024-05-24 15:44:40','0','2024-05-24 15:44:40','2024-05-24 15:44:40',1,'','','0','',''),(350,'miki 900ml botol','[{\"harga\": \"14500\", \"jumlah\": \"1\"}]','2024-05-24 15:52:46','0','2024-05-24 15:52:46','2024-05-24 15:46:26',1,'','','0','',''),(351,'MK Madukismo 50kg','[{\"harga\": \"0\", \"jumlah\": \"1\"}]','2024-05-25 08:17:08','0','2024-05-25 08:17:08','2024-05-25 08:17:08',1,'','','0','',NULL),(352,'Moto Mata Roda 1/4 kg','[{\"harga\": \"0\", \"jumlah\": \"1\"}]','2024-05-27 09:21:43','0','2024-05-27 09:21:43','2024-05-27 09:21:43',1,'','','0','',NULL),(353,'C4 Super 25kg D','[{\"harga\": \"0\", \"jumlah\": \"1\"}]','2024-05-28 10:17:39','0','2024-05-28 10:17:39','2024-05-28 10:17:39',1,'','','0','',NULL),(354,'Beras Lele Medium SY 25kg','[{\"harga\": \"0\", \"jumlah\": \"1\"}]','2024-05-28 10:20:03','0','2024-05-28 10:20:03','2024-05-28 10:20:03',1,'','','0','',NULL),(355,'Gula Jawa Dakon ','[{\"harga\": \"0\", \"jumlah\": \"1\"}]','2024-05-28 10:21:27','0','2024-05-28 10:21:27','2024-05-28 10:21:27',1,'','','0','',NULL),(356,'Beras Lesung Padi 25kg','[{\"harga\": \"0\", \"jumlah\": \"1\"}]','2024-05-28 15:06:49','0','2024-05-28 15:06:49','2024-05-28 15:06:49',1,'','','0','',NULL),(357,'Gula Jawa Batok','[{\"harga\": \"0\", \"jumlah\": \"1\"}]','2024-05-28 15:07:21','0','2024-05-28 15:07:21','2024-05-28 15:07:21',1,'','','0','',NULL),(358,'Kopi Kapal Api Special 65gr','[{\"harga\": \"0\", \"jumlah\": \"1\"}]','2024-05-28 15:38:30','0','2024-05-28 15:38:30','2024-05-28 15:38:30',1,'','','0','',NULL),(359,'Kopi Kapal Api Special 60gr','[{\"harga\": \"0\", \"jumlah\": \"1\"}]','2024-05-28 15:50:22','0','2024-05-28 15:50:22','2024-05-28 15:50:22',1,'','','0','',NULL),(360,'garam gm','[{\"harga\": \"6900\", \"jumlah\": \"1\"}]','2024-05-29 08:27:59','0','2024-05-29 08:27:59','2024-05-29 08:27:59',1,'','','0','',''),(361,'beras c4 Med','[{\"harga\": \"0\", \"jumlah\": \"1\"}]','2024-05-29 08:30:15','0','2024-05-29 08:30:15','2024-05-29 08:30:15',1,'','','0','',NULL);
/*!40000 ALTER TABLE `produk` ENABLE KEYS */;
UNLOCK TABLES;

--
-- Table structure for table `user`
--

DROP TABLE IF EXISTS `user`;
/*!40101 SET @saved_cs_client     = @@character_set_client */;
/*!40101 SET character_set_client = utf8 */;
CREATE TABLE `user` (
  `id` int(11) NOT NULL AUTO_INCREMENT,
  `username` varchar(500) NOT NULL,
  `password_real` varchar(255) NOT NULL,
  `password` varchar(500) NOT NULL,
  `jabatan` varchar(255) NOT NULL,
  `is_active` int(11) NOT NULL DEFAULT '1',
  `created_at` datetime NOT NULL DEFAULT CURRENT_TIMESTAMP,
  `updated_at` datetime NOT NULL DEFAULT CURRENT_TIMESTAMP,
  PRIMARY KEY (`id`)
) ENGINE=InnoDB AUTO_INCREMENT=18 DEFAULT CHARSET=latin1;
/*!40101 SET character_set_client = @saved_cs_client */;

--
-- Dumping data for table `user`
--

LOCK TABLES `user` WRITE;
/*!40000 ALTER TABLE `user` DISABLE KEYS */;
INSERT INTO `user` VALUES (4,'rendra5','rendra','bcb0195b3b8dcfd3f5656518d9063499','super-admin',1,'2024-02-19 10:12:49','2024-03-22 15:48:39'),(5,'root','root','63a9f0ea7bb98050796b649e85481845','super-admin',1,'2024-02-21 08:47:36','2024-03-26 11:23:09'),(10,'yesi','yesi6326','db84c2969199e4a65028214bb53b99b7','cs',1,'2024-03-30 11:04:23','2024-03-30 11:04:23'),(16,'aldo','aldo6683','fcdd2d00e549f07de4745ec35955d952','super-admin',1,'2024-04-17 09:04:21','2024-04-17 09:04:21'),(17,'bakso','bakso3875','9cff93001c3a46b38c4fdf17a24182d0','super-admin',1,'2024-04-18 11:02:48','2024-04-18 11:02:48');
/*!40000 ALTER TABLE `user` ENABLE KEYS */;
UNLOCK TABLES;
/*!40103 SET TIME_ZONE=@OLD_TIME_ZONE */;

/*!40101 SET SQL_MODE=@OLD_SQL_MODE */;
/*!40014 SET FOREIGN_KEY_CHECKS=@OLD_FOREIGN_KEY_CHECKS */;
/*!40014 SET UNIQUE_CHECKS=@OLD_UNIQUE_CHECKS */;
/*!40101 SET CHARACTER_SET_CLIENT=@OLD_CHARACTER_SET_CLIENT */;
/*!40101 SET CHARACTER_SET_RESULTS=@OLD_CHARACTER_SET_RESULTS */;
/*!40101 SET COLLATION_CONNECTION=@OLD_COLLATION_CONNECTION */;
/*!40111 SET SQL_NOTES=@OLD_SQL_NOTES */;

-- Dump completed on 2024-05-29  8:34:31
